gu,D_name,pm10,pm25,color,lat,lon
종로구,성북1치안센터 옆,26,14,"rgb(0,201,250)",37.590161,127.004073
종로구,서울추가25,60,43,"rgb(116,217,0)",37.593598,126.918184
종로구,인왕초등학교,43,26,"rgb(116,217,0)",37.5775,126.9345
종로구,폰마트 앞,45,32,"rgb(116,217,0)",37.589641,126.917351
종로구,서울명소22,77,54,"rgb(116,217,0)",37.562186,126.946223
종로구,광화문사옥6층,38,24,"rgb(116,217,0)",37.5717222,126.977746
종로구,서울159,70,45,"rgb(116,217,0)",37.57131944,127.0049194
종로구,하이마트 앞,36,25,"rgb(116,217,0)",37.600585,126.923742
종로구,서울_C2예비27,87,56,"rgb(255,189,0)",37.570192,127.015998
종로구,정릉로,59,44,"rgb(116,217,0)",37.6067,127.0049
종로구,서울_추가176,74,45,"rgb(116,217,0)",37.581192,126.950708
종로구,서울172,80,52,"rgb(255,189,0)",37.572267,126.977901
종로구,한샘 매장 앞,65,40,"rgb(116,217,0)",37.5661,126.9302
종로구,서울명소21,104,73,"rgb(255,189,0)",37.564683,126.937734
종로구,파크부동산옆 ,62,33,"rgb(116,217,0)",37.549222,126.938725
종로구,서울1018_C2,51,27,"rgb(116,217,0)",37.56074722,126.9234083
종로구,서울67,54,29,"rgb(116,217,0)",37.591538,127.012957
종로구,서울추가117,105,68,"rgb(255,189,0)",37.574595,126.997353
종로구,한강대로,47,34,"rgb(116,217,0)",37.5491,126.9704
종로구,서울_명소13,54,35,"rgb(116,217,0)",37.57624,126.955337
종로구,서울추가5,100,55,"rgb(255,189,0)",37.5848,127.0184
종로구,kt광화문5,22,14,"rgb(0,201,250)",37.5717,126.9777
종로구,서울164,87,56,"rgb(255,189,0)",37.576002,127.002575
종로구,개인주택 앞,47,25,"rgb(116,217,0)",37.5472,126.9390
종로구,서울_C2예비29,227,147,"rgb(255,0,0)",37.578378,127.015204
종로구,청계천로,39,30,"rgb(116,217,0)",37.5686,126.9981
종로구,서울264,87,56,"rgb(255,189,0)",37.570856,126.98744
종로구,서울93,89,57,"rgb(255,189,0)",37.568836,126.976487
종로구,광화문역6번출구앞,56,45,"rgb(116,217,0)",37.5699,126.9763
종로구,관측망9,315,223,"rgb(255,0,0)",37.55558,126.934927
종로구,피자 알보로 앞,65,42,"rgb(116,217,0)",37.568185,126.964686
종로구,서울추가117,105,68,"rgb(255,189,0)",37.574595,126.997353
종로구,두산_실외기,58,38,"rgb(116,217,0)",37.5951,126.9901
종로구,일미식당 앞,47,29,"rgb(116,217,0)",37.5820,126.9365
종로구,서울1010C2,65,42,"rgb(116,217,0)",37.57240278,126.9918111
종로구,파크부동산옆 ,62,33,"rgb(116,217,0)",37.549222,126.938725
종로구,서울1018_C2,51,27,"rgb(116,217,0)",37.56074722,126.9234083
종로구,마포구,55,30,"rgb(116,217,0)",37.5498,126.9456
종로구,서울1037_C2,64,39,"rgb(116,217,0)",37.603389,126.961421
종로구,서울추가199_,68,55,"rgb(116,217,0)",37.537214,126.960392
종로구,다이소 앞,70,43,"rgb(116,217,0)",37.569018,126.91592
종로구,서울명소21,104,73,"rgb(255,189,0)",37.564683,126.937734
종로구,약국앞,38,31,"rgb(116,217,0)",37.565572,127.02032
종로구,서울_추가183,74,45,"rgb(116,217,0)",37.575254,126.917842
종로구,정릉로,59,44,"rgb(116,217,0)",37.6067,127.0049
종로구,서울_C2예비14,60,37,"rgb(116,217,0)",37.576023,126.926095
종로구,서울C2예비28,81,52,"rgb(255,189,0)",37.573773,127.01873
종로구,한샘 매장 앞,65,40,"rgb(116,217,0)",37.5661,126.9302
종로구,서울1039,87,56,"rgb(255,189,0)",37.571878,126.982805
종로구,동대문 우체국 앞,56,30,"rgb(116,217,0)",37.575161,127.023902
종로구,도로25A,85,69,"rgb(255,189,0)",37.560882,126.982159
종로구,종로,39,26,"rgb(116,217,0)",37.5709,126.9965
종로구,서울_추가176,74,45,"rgb(116,217,0)",37.581192,126.950708
종로구,서울추가73,87,70,"rgb(255,189,0)",37.533286,126.96409
종로구,kt광화문1,37,24,"rgb(116,217,0)",37.5717,126.9777
종로구,서울1010C2,65,42,"rgb(116,217,0)",37.57240278,126.9918111
종로구,서대문 보건소 옆,27,16,"rgb(0,201,250)",37.5784,126.9361
종로구,서울명소16,74,48,"rgb(116,217,0)",37.58686111,126.9967
종로구,피자 알보로 앞,65,42,"rgb(116,217,0)",37.568185,126.964686
종로구,서울C2예비15,51,36,"rgb(116,217,0)",37.558828,126.942408
종로구,중구,39,26,"rgb(116,217,0)",37.5643,126.9747
종로구,서울349,77,50,"rgb(116,217,0)",37.565818,126.972629
종로구,서울C2예비22,80,65,"rgb(255,189,0)",37.561035,126.975477
종로구,kt광화문1,37,24,"rgb(116,217,0)",37.5717,126.9777
종로구,서울1010C2,65,42,"rgb(116,217,0)",37.57240278,126.9918111
종로구,서대문 보건소 옆,27,16,"rgb(0,201,250)",37.5784,126.9361
종로구,서울명소16,74,48,"rgb(116,217,0)",37.58686111,126.9967
종로구,피자 알보로 앞,65,42,"rgb(116,217,0)",37.568185,126.964686
종로구,서울C2예비15,51,36,"rgb(116,217,0)",37.558828,126.942408
종로구,중구,39,26,"rgb(116,217,0)",37.5643,126.9747
종로구,서울192,60,39,"rgb(116,217,0)",37.572374,127.012881
종로구,서울C2예비28,81,52,"rgb(255,189,0)",37.573773,127.01873
종로구,일미식당 앞,47,29,"rgb(116,217,0)",37.5820,126.9365
종로구,서울186,89,72,"rgb(255,189,0)",37.563878,127.006853
종로구,kt광화문5,22,14,"rgb(0,201,250)",37.5717,126.9777
종로구,서울164,87,56,"rgb(255,189,0)",37.576002,127.002575
종로구,건물앞,83,45,"rgb(255,189,0)",37.60219,127.025135
종로구,서울명소4,57,37,"rgb(116,217,0)",37.58116944,126.9853028
종로구,100년 설렁탕 앞,60,33,"rgb(116,217,0)",37.588061,127.009885
종로구,인왕초등학교,43,26,"rgb(116,217,0)",37.5775,126.9345
종로구,서울286,91,49,"rgb(255,189,0)",37.546889,126.960973
종로구,서울명소5,85,45,"rgb(255,189,0)",37.550068,126.942143
종로구,정 공인중계사 앞,49,30,"rgb(116,217,0)",37.568998,126.912679
종로구,도로25A,85,69,"rgb(255,189,0)",37.560882,126.982159
종로구,청계천로,39,30,"rgb(116,217,0)",37.5686,126.9981
종로구,서울_명소13,54,35,"rgb(116,217,0)",37.57624,126.955337
종로구,서울1010C2,65,42,"rgb(116,217,0)",37.57240278,126.9918111
종로구,낙원식당 앞,28,20,"rgb(0,201,250)",37.584975,126.914682
종로구,서울_추가183,74,45,"rgb(116,217,0)",37.575254,126.917842
종로구,용산구,37,30,"rgb(116,217,0)",37.54,127.0048
종로구,서울349,77,50,"rgb(116,217,0)",37.565818,126.972629
종로구,서울명소22,77,54,"rgb(116,217,0)",37.562186,126.946223
종로구,광화문역6번출구앞,56,45,"rgb(116,217,0)",37.5699,126.9763
종로구,서울1018_C2,51,27,"rgb(116,217,0)",37.56074722,126.9234083
종로구,마포구,55,30,"rgb(116,217,0)",37.5498,126.9456
종로구,서울_추가176,74,45,"rgb(116,217,0)",37.581192,126.950708
종로구,서울추가189,68,55,"rgb(116,217,0)",37.534046,126.989198
종로구,광화문사옥4층,63,40,"rgb(116,217,0)",37.571725,126.977862
종로구,서울1039,87,56,"rgb(255,189,0)",37.571878,126.982805
종로구,기존주소 건너편 앞 ,38,20,"rgb(116,217,0)",37.551128,126.955277
종로구,서울294,32,20,"rgb(116,217,0)",37.566987,126.982366
종로구,인왕초등학교,43,26,"rgb(116,217,0)",37.5775,126.9345
종로구,도로23B,231,187,"rgb(255,0,0)",37.539601,126.989386
종로구,서울명소1,36,29,"rgb(116,217,0)",37.55094444,126.990725
종로구,제일빌딩앞,75,40,"rgb(116,217,0)",37.54566,126.95312
종로구,서울159,70,45,"rgb(116,217,0)",37.57131944,127.0049194
종로구,동대문구,47,39,"rgb(116,217,0)",37.5758,127.0289
종로구,서울_214,47,38,"rgb(116,217,0)",37.545019,126.969972
종로구,서울추가73,87,70,"rgb(255,189,0)",37.533286,126.96409
종로구,광화문사옥9층,42,27,"rgb(116,217,0)",37.571722,126.977794
종로구,도로25B,81,66,"rgb(255,189,0)",37.558644,126.980951
종로구,서울67,54,29,"rgb(116,217,0)",37.591538,127.012957
종로구,서울1041_C2,18,14,"rgb(0,201,250)",37.54253889,127.0024944
종로구,서울추가199_,68,55,"rgb(116,217,0)",37.537214,126.960392
종로구,100년 설렁탕 앞,60,33,"rgb(116,217,0)",37.588061,127.009885
종로구,서울명소4,57,37,"rgb(116,217,0)",37.58116944,126.9853028
종로구,애완용품점 앞,39,21,"rgb(116,217,0)",37.547015,126.944465
종로구,서울추가140,113,73,"rgb(255,189,0)",37.60109389,126.979185
종로구,한강대로,47,34,"rgb(116,217,0)",37.5491,126.9704
종로구,서울_명소13,54,35,"rgb(116,217,0)",37.57624,126.955337
종로구,서울_1016_C2,91,50,"rgb(255,189,0)",37.566338,127.04355
종로구,제일빌딩앞,75,40,"rgb(116,217,0)",37.54566,126.95312
종로구,서울명소16,74,48,"rgb(116,217,0)",37.58686111,126.9967
종로구,홍릉로,52,39,"rgb(116,217,0)",37.5805,127.0444
종로구,서울1037_C2,64,39,"rgb(116,217,0)",37.603389,126.961421
종로구,서울C2예비22,80,65,"rgb(255,189,0)",37.561035,126.975477
종로구,kt광화문4,42,27,"rgb(116,217,0)",37.5717,126.9777
종로구,서울220,85,46,"rgb(255,189,0)",37.564079,127.02992
종로구,피자 알보로 앞,65,42,"rgb(116,217,0)",37.568185,126.964686
종로구,서울_C2예비27,87,56,"rgb(255,189,0)",37.570192,127.015998
종로구,중구,39,26,"rgb(116,217,0)",37.5643,126.9747
종로구,서울_명소13,54,35,"rgb(116,217,0)",37.57624,126.955337
종로구,서울_1016_C2,91,50,"rgb(255,189,0)",37.566338,127.04355
종로구,제일빌딩앞,75,40,"rgb(116,217,0)",37.54566,126.95312
종로구,서울명소16,74,48,"rgb(116,217,0)",37.58686111,126.9967
종로구,홍릉로,52,39,"rgb(116,217,0)",37.5805,127.0444
종로구,서울1037_C2,64,39,"rgb(116,217,0)",37.603389,126.961421
종로구,서울C2예비22,80,65,"rgb(255,189,0)",37.561035,126.975477
종로구,kt광화문4,42,27,"rgb(116,217,0)",37.5717,126.9777
종로구,서울220,85,46,"rgb(255,189,0)",37.564079,127.02992
종로구,홍제동신한은행앞,69,42,"rgb(116,217,0)",37.587612,126.945106
종로구,서울C2예비15,51,36,"rgb(116,217,0)",37.558828,126.942408
종로구,서울로7017a,40,32,"rgb(116,217,0)",37.5565,126.9738
종로구,일반건물 앞,95,52,"rgb(255,189,0)",37.59402,127.020287
종로구,서울1010C2,65,42,"rgb(116,217,0)",37.57240278,126.9918111
종로구,IBK 청량리점 앞,40,32,"rgb(116,217,0)",37.580488,127.044863
종로구,관측망10,29,23,"rgb(0,201,250)",37.553691,126.973729
종로구,종로구,47,31,"rgb(116,217,0)",37.572,127.005
종로구,서울264,87,56,"rgb(255,189,0)",37.570856,126.98744
종로구,서울93,89,57,"rgb(255,189,0)",37.568836,126.976487
종로구,동의보감 건물 앞,57,46,"rgb(116,217,0)",37.578094,127.036627
종로구,서울추가155,34,27,"rgb(116,217,0)",37.55161389,127.0025583
종로구,정릉로,59,44,"rgb(116,217,0)",37.6067,127.0049
종로구,서울77,97,63,"rgb(255,189,0)",37.575793,126.971161
종로구,서울_명소11,100,55,"rgb(255,189,0)",37.544978,127.039458
종로구,kt광화문5,22,14,"rgb(0,201,250)",37.5717,126.9777
종로구,서울1039,87,56,"rgb(255,189,0)",37.571878,126.982805
종로구,기존주소 건너편 앞 ,38,20,"rgb(116,217,0)",37.551128,126.955277
종로구,서울_C2예비27,87,56,"rgb(255,189,0)",37.570192,127.015998
종로구,두산_실외기,58,38,"rgb(116,217,0)",37.5951,126.9901
종로구,서울286,91,49,"rgb(255,189,0)",37.546889,126.960973
종로구,서울186,89,72,"rgb(255,189,0)",37.563878,127.006853
종로구,5층옥탑,39,31,"rgb(116,217,0)",37.5746,127.0378
종로구,서울추가54,89,48,"rgb(255,189,0)",37.55805,127.034192
종로구,청계천로,39,30,"rgb(116,217,0)",37.5686,126.9981
종로구,서울349,77,50,"rgb(116,217,0)",37.565818,126.972629
종로구,서울추가5,100,55,"rgb(255,189,0)",37.5848,127.0184
종로구,왕십리역8번출구,52,28,"rgb(116,217,0)",37.5610,127.0359
종로구,서울217,84,46,"rgb(255,189,0)",37.586582,127.027873
종로구,서대문구,40,25,"rgb(116,217,0)",37.5767,126.9378
종로구,서울추가117,105,68,"rgb(255,189,0)",37.574595,126.997353
종로구,서울C2예비28,81,52,"rgb(255,189,0)",37.573773,127.01873
종로구,광화문사옥4층,63,40,"rgb(116,217,0)",37.571725,126.977862
종로구,서울명소5,85,45,"rgb(255,189,0)",37.550068,126.942143
종로구,태영 아파트 입구,40,24,"rgb(116,217,0)",37.594093,126.947323
종로구,서울294,32,20,"rgb(116,217,0)",37.566987,126.982366
종로구,옥상,35,21,"rgb(116,217,0)",37.5768,126.9390
종로구,서울1076_C2,35,28,"rgb(116,217,0)",37.57337222,127.0518194
종로구,서울_추가164,130,80,"rgb(255,90,0)",37.60865,127.02336
종로구,중아 하이츠 단지내,71,39,"rgb(116,217,0)",37.561644,127.048471
종로구,서울추가155,34,27,"rgb(116,217,0)",37.55161389,127.0025583
종로구,홍릉로,52,39,"rgb(116,217,0)",37.5805,127.0444
종로구,서울262,177,145,"rgb(255,90,0)",37.565709,126.987855
종로구,관측망7,37,20,"rgb(116,217,0)",37.60665833,127.0276278
종로구,100년 설렁탕 앞,60,33,"rgb(116,217,0)",37.588061,127.009885
종로구,서울186,89,72,"rgb(255,189,0)",37.563878,127.006853
종로구,5층옥탑,39,31,"rgb(116,217,0)",37.5746,127.0378
종로구,서울추가54,89,48,"rgb(255,189,0)",37.55805,127.034192
종로구,종로,39,26,"rgb(116,217,0)",37.5709,126.9965
종로구,서울_214,47,38,"rgb(116,217,0)",37.545019,126.969972
종로구,서울1103C2,94,51,"rgb(255,189,0)",37.61031944,127.0121361
종로구,광화문사옥4층,63,40,"rgb(116,217,0)",37.571725,126.977862
종로구,서울125,100,55,"rgb(255,189,0)",37.561878,127.034766
종로구,건물앞,83,45,"rgb(255,189,0)",37.60219,127.025135
종로구,서울추가140,113,73,"rgb(255,189,0)",37.60109389,126.979185
종로구,한강대로,47,34,"rgb(116,217,0)",37.5491,126.9704
종로구,서울1045_C2,66,40,"rgb(116,217,0)",37.620436,127.028721
종로구,서울추가42,85,46,"rgb(255,189,0)",37.583023,127.029189
종로구,광화문사옥15층,29,18,"rgb(0,201,250)",37.571726,126.977917
종로구,서울1010C2,65,42,"rgb(116,217,0)",37.57240278,126.9918111
종로구,동의보감 건물 앞,57,46,"rgb(116,217,0)",37.578094,127.036627
종로구,서울명소16,74,48,"rgb(116,217,0)",37.58686111,126.9967
종로구,피자 알보로 앞,65,42,"rgb(116,217,0)",37.568185,126.964686
종로구,서울_C2예비27,87,56,"rgb(255,189,0)",37.570192,127.015998
종로구,중구,39,26,"rgb(116,217,0)",37.5643,126.9747
종로구,서울1045_C2,66,40,"rgb(116,217,0)",37.620436,127.028721
종로구,서울추가42,85,46,"rgb(255,189,0)",37.583023,127.029189
종로구,kt광화문1,37,24,"rgb(116,217,0)",37.5717,126.9777
종로구,서울220,85,46,"rgb(255,189,0)",37.564079,127.02992
종로구,창신동,63,41,"rgb(116,217,0)",37.571644,127.012964
종로구,서울18,50,31,"rgb(116,217,0)",37.612242,127.030417
종로구,서울_명소11,100,55,"rgb(255,189,0)",37.544978,127.039458
종로구,kt광화문5,20,13,"rgb(0,201,250)",37.5717,126.9777
종로구,서울164,87,56,"rgb(255,189,0)",37.576002,127.002575
종로구,피자 알보로 앞,65,42,"rgb(116,217,0)",37.568185,126.964686
종로구,서울18,50,31,"rgb(116,217,0)",37.612242,127.030417
종로구,서울270,66,36,"rgb(116,217,0)",37.601101,127.033775
종로구,광화문사옥15층,29,18,"rgb(0,201,250)",37.571726,126.977917
종로구,서울220,85,46,"rgb(255,189,0)",37.564079,127.02992
중구,서울67,54,29,"rgb(116,217,0)",37.591538,127.012957
중구,서울294,32,20,"rgb(116,217,0)",37.566987,126.982366
중구,중구,39,26,"rgb(116,217,0)",37.5643,126.9747
중구,서울192,60,39,"rgb(116,217,0)",37.572374,127.012881
중구,서울_1072_C2,70,38,"rgb(116,217,0)",37.548281,127.016669
중구,kt광화문1,37,24,"rgb(116,217,0)",37.5717,126.9777
중구,서울명소5,85,45,"rgb(255,189,0)",37.550068,126.942143
중구,애완용품점 앞,39,21,"rgb(116,217,0)",37.547015,126.944465
중구,관측망9,315,223,"rgb(255,0,0)",37.55558,126.934927
중구,서대문구,40,25,"rgb(116,217,0)",37.5767,126.9378
중구,서울262,177,145,"rgb(255,90,0)",37.565709,126.987855
중구,서울C2예비28,81,52,"rgb(255,189,0)",37.573773,127.01873
중구,100년 설렁탕 앞,60,33,"rgb(116,217,0)",37.588061,127.009885
중구,서울명소4,57,37,"rgb(116,217,0)",37.58116944,126.9853028
중구,서대문 보건소 옆,27,16,"rgb(0,201,250)",37.5784,126.9361
중구,서울명소16,74,48,"rgb(116,217,0)",37.58686111,126.9967
중구,홍제동신한은행앞,69,42,"rgb(116,217,0)",37.587612,126.945106
중구,서울_C2예비29,227,147,"rgb(255,0,0)",37.578378,127.015204
중구,한강대로,47,34,"rgb(116,217,0)",37.5491,126.9704
중구,서울192,60,39,"rgb(116,217,0)",37.572374,127.012881
중구,서울C2예비28,81,52,"rgb(255,189,0)",37.573773,127.01873
중구,100년 설렁탕 앞,60,33,"rgb(116,217,0)",37.588061,127.009885
중구,서울명소4,57,37,"rgb(116,217,0)",37.58116944,126.9853028
중구,서대문 보건소 옆,27,16,"rgb(0,201,250)",37.5784,126.9361
중구,서울명소16,74,48,"rgb(116,217,0)",37.58686111,126.9967
중구,홍제동신한은행앞,69,42,"rgb(116,217,0)",37.587612,126.945106
중구,서울_C2예비29,227,147,"rgb(255,0,0)",37.578378,127.015204
중구,한강대로,47,34,"rgb(116,217,0)",37.5491,126.9704
중구,서울_추가176,74,45,"rgb(116,217,0)",37.581192,126.950708
중구,서울추가73,87,70,"rgb(255,189,0)",37.533286,126.96409
중구,광화문사옥15층,29,18,"rgb(0,201,250)",37.571726,126.977917
중구,서울명소21,140,99,"rgb(255,90,0)",37.564683,126.937734
중구,애완용품점 앞,68,36,"rgb(116,217,0)",37.547015,126.944465
중구,서울348,67,44,"rgb(116,217,0)",37.564783,126.978392
중구,피자 알보로 앞,65,42,"rgb(116,217,0)",37.568185,126.964686
중구,서울_C2예비27,87,56,"rgb(255,189,0)",37.570192,127.015998
중구,딥비전스,42,26,"rgb(116,217,0)",37.5741,126.9419
중구,서울349,77,50,"rgb(116,217,0)",37.565818,126.972629
중구,서울추가5,100,55,"rgb(255,189,0)",37.5848,127.0184
중구,광화문사옥4층,63,40,"rgb(116,217,0)",37.571725,126.977862
중구,서울명소4,57,37,"rgb(116,217,0)",37.58116944,126.9853028
중구,제일빌딩앞,75,40,"rgb(116,217,0)",37.54566,126.95312
중구,서울164,87,56,"rgb(255,189,0)",37.576002,127.002575
중구,기존주소 건너편 앞 ,38,20,"rgb(116,217,0)",37.551128,126.955277
중구,관측망9,315,223,"rgb(255,0,0)",37.55558,126.934927
중구,서대문구,40,25,"rgb(116,217,0)",37.5767,126.9378
중구,서울1041_C2,18,14,"rgb(0,201,250)",37.54253889,127.0024944
중구,중구,39,26,"rgb(116,217,0)",37.5643,126.9747
중구,서울349,77,50,"rgb(116,217,0)",37.565818,126.972629
중구,서울93,89,57,"rgb(255,189,0)",37.568836,126.976487
중구,광화문사옥9층,42,27,"rgb(116,217,0)",37.571722,126.977794
중구,서울명소5,85,45,"rgb(255,189,0)",37.550068,126.942143
중구,애완용품점 앞,68,36,"rgb(116,217,0)",37.547015,126.944465
중구,서울추가54,89,48,"rgb(255,189,0)",37.55805,127.034192
중구,청계천로,39,30,"rgb(116,217,0)",37.5686,126.9981
중구,서울77,97,63,"rgb(255,189,0)",37.575793,126.971161
중구,두산_실외기,58,38,"rgb(116,217,0)",37.5951,126.9901
중구,도로23B,231,187,"rgb(255,0,0)",37.539601,126.989386
중구,서울186,89,72,"rgb(255,189,0)",37.563878,127.006853
중구,동의보감 건물 앞,57,46,"rgb(116,217,0)",37.578094,127.036627
중구,서울추가155,34,27,"rgb(116,217,0)",37.55161389,127.0025583
중구,마포구,55,30,"rgb(116,217,0)",37.5498,126.9456
중구,서울C2예비15,51,36,"rgb(116,217,0)",37.558828,126.942408
중구,서울추가199_,68,55,"rgb(116,217,0)",37.537214,126.960392
중구,서울추가72,41,33,"rgb(116,217,0)",37.535076,126.974006
중구,서울명소22,77,54,"rgb(116,217,0)",37.562186,126.946223
중구,왕십리역8번출구,52,28,"rgb(116,217,0)",37.5610,127.0359
중구,서울217,84,46,"rgb(255,189,0)",37.586582,127.027873
중구,성북1치안센터 옆,26,14,"rgb(0,201,250)",37.590161,127.004073
중구,서울_C2예비27,87,56,"rgb(255,189,0)",37.570192,127.015998
중구,서울로7017a,40,32,"rgb(116,217,0)",37.5565,126.9738
중구,서울_명소13,54,35,"rgb(116,217,0)",37.57624,126.955337
중구,서울명소1,36,29,"rgb(116,217,0)",37.55094444,126.990725
중구,광화문역6번출구앞,56,45,"rgb(116,217,0)",37.5699,126.9763
중구,서울_C2예비31,51,41,"rgb(116,217,0)",37.56985278,127.0378833
중구,피자 알보로 앞,65,42,"rgb(116,217,0)",37.568185,126.964686
중구,서울294,32,20,"rgb(116,217,0)",37.566987,126.982366
중구,두산_실외기,58,38,"rgb(116,217,0)",37.5951,126.9901
중구,서울264,87,56,"rgb(255,189,0)",37.570856,126.98744
중구,서울추가189,68,55,"rgb(116,217,0)",37.534046,126.989198
중구,광화문사옥6층,57,37,"rgb(116,217,0)",37.5717222,126.977746
중구,서울164,87,56,"rgb(255,189,0)",37.576002,127.002575
중구,서울67,54,29,"rgb(116,217,0)",37.591538,127.012957
중구,서울_C2예비29,227,147,"rgb(255,0,0)",37.578378,127.015204
중구,옥상,35,21,"rgb(116,217,0)",37.5768,126.9390
중구,서울349,77,50,"rgb(116,217,0)",37.565818,126.972629
중구,서울93,89,57,"rgb(255,189,0)",37.568836,126.976487
중구,광화문사옥9층,42,27,"rgb(116,217,0)",37.571722,126.977794
중구,서울134,192,138,"rgb(255,90,0)",37.528164,127.030625
중구,농협은행앞,90,48,"rgb(255,189,0)",37.54109,126.945371
중구,도로25A,85,69,"rgb(255,189,0)",37.560882,126.982159
중구,딥비전스,42,26,"rgb(116,217,0)",37.5741,126.9419
중구,서울192,60,39,"rgb(116,217,0)",37.572374,127.012881
중구,서울추가5,100,55,"rgb(255,189,0)",37.5848,127.0184
중구,kt광화문4,42,27,"rgb(116,217,0)",37.5717,126.9777
중구,도로25B,81,66,"rgb(255,189,0)",37.558644,126.980951
중구,기존주소 건너편 앞 ,38,20,"rgb(116,217,0)",37.551128,126.955277
중구,서울추가140,113,73,"rgb(255,189,0)",37.60109389,126.979185
중구,중구,39,26,"rgb(116,217,0)",37.5643,126.9747
중구,서울_추가176,74,45,"rgb(116,217,0)",37.581192,126.950708
중구,서울_1072_C2,70,38,"rgb(116,217,0)",37.548281,127.016669
중구,kt광화문5,20,13,"rgb(0,201,250)",37.5717,126.9777
중구,서울220,85,46,"rgb(255,189,0)",37.564079,127.02992
중구,농협은행앞,90,48,"rgb(255,189,0)",37.54109,126.945371
중구,서울_C2예비29,227,147,"rgb(255,0,0)",37.578378,127.015204
중구,두산_실외기,58,38,"rgb(116,217,0)",37.5951,126.9901
중구,서울_명소13,54,35,"rgb(116,217,0)",37.57624,126.955337
중구,서울추가189,68,55,"rgb(116,217,0)",37.534046,126.989198
중구,동의보감 건물 앞,57,46,"rgb(116,217,0)",37.578094,127.036627
중구,서울추가155,34,27,"rgb(116,217,0)",37.55161389,127.0025583
중구,성북1치안센터 옆,26,14,"rgb(0,201,250)",37.590161,127.004073
중구,서울C2예비15,51,36,"rgb(116,217,0)",37.558828,126.942408
중구,서울1049C2,100,55,"rgb(255,189,0)",37.556248,127.043185
중구,일반건물 앞,95,52,"rgb(255,189,0)",37.59402,127.020287
중구,서울명소1,36,29,"rgb(116,217,0)",37.55094444,126.990725
중구,중아 하이츠 단지내,71,39,"rgb(116,217,0)",37.561644,127.048471
중구,서울명소16,74,48,"rgb(116,217,0)",37.58686111,126.9967
중구,강변북로,51,34,"rgb(116,217,0)",37.5387,127.042
중구,서울추가117,76,49,"rgb(116,217,0)",37.574595,126.997353
중구,유해70,100,55,"rgb(255,189,0)",37.55372222,127.0647611
중구,광화문사옥15층,29,18,"rgb(0,201,250)",37.571726,126.977917
중구,서울명소5,85,45,"rgb(255,189,0)",37.550068,126.942143
중구,애완용품점 앞,68,36,"rgb(116,217,0)",37.547015,126.944465
중구,서울288,200,144,"rgb(255,0,0)",37.517267,127.019448
중구,한강대로,47,34,"rgb(116,217,0)",37.5491,126.9704
중구,서울192,75,48,"rgb(116,217,0)",37.572374,127.012881
중구,서울추가5,100,55,"rgb(255,189,0)",37.5848,127.0184
중구,광화문사옥9층,42,27,"rgb(116,217,0)",37.571722,126.977794
중구,서울164,87,56,"rgb(255,189,0)",37.576002,127.002575
중구,피자 알보로 앞,65,42,"rgb(116,217,0)",37.568185,126.964686
중구,서울_C2예비27,87,56,"rgb(255,189,0)",37.570192,127.015998
중구,서울추가199_,68,55,"rgb(116,217,0)",37.537214,126.960392
중구,도로23B,231,187,"rgb(255,0,0)",37.539601,126.989386
중구,서울명소22,77,54,"rgb(116,217,0)",37.562186,126.946223
중구,공중전화,39,21,"rgb(116,217,0)",37.59461,127.035723
중구,서울84,60,39,"rgb(116,217,0)",37.577144,126.986202
중구,용산구,37,30,"rgb(116,217,0)",37.54,127.0048
중구,서울77,97,63,"rgb(255,189,0)",37.575793,126.971161
중구,서울C2예비22,80,65,"rgb(255,189,0)",37.561035,126.975477
중구,광화문사옥4층,63,40,"rgb(116,217,0)",37.571725,126.977862
중구,서울1039,87,56,"rgb(255,189,0)",37.571878,126.982805
중구,IBK 청량리점 앞,40,32,"rgb(116,217,0)",37.580488,127.044863
중구,서울120,217,156,"rgb(255,0,0)",37.528693,127.036776
중구,종로,39,26,"rgb(116,217,0)",37.5709,126.9965
중구,서울추가117,76,49,"rgb(116,217,0)",37.574595,126.997353
중구,서울C2예비28,107,69,"rgb(255,189,0)",37.573773,127.01873
중구,서울286,100,54,"rgb(255,189,0)",37.546889,126.960973
중구,서울추가189,68,55,"rgb(116,217,0)",37.534046,126.989198
중구,왕십리역8번출구,52,28,"rgb(116,217,0)",37.5610,127.0359
중구,서울_C2예비31,51,41,"rgb(116,217,0)",37.56985278,127.0378833
중구,서울67,54,29,"rgb(116,217,0)",37.591538,127.012957
중구,서울_C2예비29,227,147,"rgb(255,0,0)",37.578378,127.015204
중구,중구,39,26,"rgb(116,217,0)",37.5643,126.9747
중구,서울349,77,50,"rgb(116,217,0)",37.565818,126.972629
중구,서울C2예비22,80,65,"rgb(255,189,0)",37.561035,126.975477
중구,kt광화문1,37,24,"rgb(116,217,0)",37.5717,126.9777
중구,서울명소4,57,37,"rgb(116,217,0)",37.58116944,126.9853028
중구,공중전화,39,21,"rgb(116,217,0)",37.59461,127.035723
중구,서울159,70,45,"rgb(116,217,0)",37.57131944,127.0049194
중구,강변북로,51,34,"rgb(116,217,0)",37.5387,127.042
중구,서울1041_C2,18,14,"rgb(0,201,250)",37.54253889,127.0024944
중구,서울1049C2,100,55,"rgb(255,189,0)",37.556248,127.043185
중구,서울명소6,69,37,"rgb(116,217,0)",37.590826,127.034387
중구,서울명소1,36,29,"rgb(116,217,0)",37.55094444,126.990725
중구,중아 하이츠 단지내,71,39,"rgb(116,217,0)",37.561644,127.048471
중구,서울217,84,46,"rgb(255,189,0)",37.586582,127.027873
중구,정릉로,59,44,"rgb(116,217,0)",37.6067,127.0049
중구,서울C2예비15,51,36,"rgb(116,217,0)",37.558828,126.942408
중구,서울추가199_,41,33,"rgb(116,217,0)",37.537214,126.960392
중구,도로23B,231,187,"rgb(255,0,0)",37.539601,126.989386
중구,서울추가189,68,55,"rgb(116,217,0)",37.534046,126.989198
중구,왕십리역8번출구,52,28,"rgb(116,217,0)",37.5610,127.0359
중구,서울_C2예비31,51,41,"rgb(116,217,0)",37.56985278,127.0378833
중구,성북1치안센터 옆,26,14,"rgb(0,201,250)",37.590161,127.004073
중구,서울_C2예비27,87,56,"rgb(255,189,0)",37.570192,127.015998
중구,서울로7017a,40,32,"rgb(116,217,0)",37.5565,126.9738
중구,서울추가72,41,33,"rgb(116,217,0)",37.535076,126.974006
중구,서울_1016_C2,91,50,"rgb(255,189,0)",37.566338,127.04355
중구,광화문역6번출구앞,56,45,"rgb(116,217,0)",37.5699,126.9763
중구,서울164,87,56,"rgb(255,189,0)",37.576002,127.002575
중구,피자 알보로 앞,65,42,"rgb(116,217,0)",37.568185,126.964686
중구,서울294,32,20,"rgb(116,217,0)",37.566987,126.982366
중구,두산_실외기,58,38,"rgb(116,217,0)",37.5951,126.9901
중구,서울추가72,41,33,"rgb(116,217,0)",37.535076,126.974006
중구,서울명소1,36,29,"rgb(116,217,0)",37.55094444,126.990725
중구,동의보감 건물 앞,57,46,"rgb(116,217,0)",37.578094,127.036627
중구,서울120,217,156,"rgb(255,0,0)",37.528693,127.036776
중구,한강대로,47,34,"rgb(116,217,0)",37.5491,126.9704
중구,도로23B,231,187,"rgb(255,0,0)",37.539601,126.989386
중구,서울명소1,36,29,"rgb(116,217,0)",37.55094444,126.990725
중구,5층옥탑,39,31,"rgb(116,217,0)",37.5746,127.0378
중구,서울_C2예비29,227,147,"rgb(255,0,0)",37.578378,127.015204
중구,서울로7017a,40,32,"rgb(116,217,0)",37.5565,126.9738
중구,일반건물 앞,95,52,"rgb(255,189,0)",37.59402,127.020287
중구,서울125,100,55,"rgb(255,189,0)",37.561878,127.034766
중구,서울67,54,29,"rgb(116,217,0)",37.591538,127.012957
중구,서울294,32,20,"rgb(116,217,0)",37.566987,126.982366
중구,서울270,66,36,"rgb(116,217,0)",37.601101,127.033775
중구,100년 설렁탕 앞,60,33,"rgb(116,217,0)",37.588061,127.009885
중구,서울285,115,82,"rgb(255,189,0)",37.521632,127.033409
중구,건물앞,83,45,"rgb(255,189,0)",37.60219,127.025135
중구,관측망10,29,23,"rgb(0,201,250)",37.553691,126.973729
중구,서울로7017a,40,32,"rgb(116,217,0)",37.5565,126.9738
중구,서울명소6,69,37,"rgb(116,217,0)",37.590826,127.034387
중구,서울186,89,72,"rgb(255,189,0)",37.563878,127.006853
중구,약국앞,38,31,"rgb(116,217,0)",37.565572,127.02032
중구,서울1018_C2,51,27,"rgb(116,217,0)",37.56074722,126.9234083
중구,서대문구,40,25,"rgb(116,217,0)",37.5767,126.9378
중구,서울추가192,102,55,"rgb(255,189,0)",37.551756,126.963002
중구,옥상,35,21,"rgb(116,217,0)",37.5768,126.9390
중구,서울192,75,48,"rgb(116,217,0)",37.572374,127.012881
중구,서울명소1,36,29,"rgb(116,217,0)",37.55094444,126.990725
중구,다이소 앞,70,43,"rgb(116,217,0)",37.569018,126.91592
중구,도로25B,81,66,"rgb(255,189,0)",37.558644,126.980951
용산구,kt광화문4,42,27,"rgb(116,217,0)",37.5717,126.9777
용산구,서울명소16,87,56,"rgb(255,189,0)",37.58686111,126.9967
용산구,동대문 우체국 앞,56,30,"rgb(116,217,0)",37.575161,127.023902
용산구,서울288,200,144,"rgb(255,0,0)",37.517267,127.019448
용산구,종로구,47,31,"rgb(116,217,0)",37.572,127.005
용산구,서울77,97,63,"rgb(255,189,0)",37.575793,126.971161
용산구,서울267,79,40,"rgb(116,217,0)",37.50742778,127.0100833
용산구,잠원동_근린생활시설_신축공37.5121,71,36,"rgb(116,217,0)",37.512084,127.0104
용산구,서울295,79,57,"rgb(116,217,0)",37.520131,126.937737
용산구,광화문사옥4층,29,18,"rgb(0,201,250)",37.571725,126.977862
용산구,서울164,87,56,"rgb(255,189,0)",37.576002,127.002575
용산구,광화문역6번출구앞,56,45,"rgb(116,217,0)",37.5699,126.9763
용산구,명수대현대아파트102동앞,96,70,"rgb(255,189,0)",37.507399,126.962151
용산구,개인주택 앞,47,25,"rgb(116,217,0)",37.5472,126.9390
용산구,서울명소19,91,66,"rgb(255,189,0)",37.502471,126.974188
용산구,신촌로,42,30,"rgb(116,217,0)",37.5551,126.9361
용산구,서울_C2예비27,87,56,"rgb(255,189,0)",37.570192,127.015998
용산구,딥비전스,42,26,"rgb(116,217,0)",37.5741,126.9419
용산구,서울_214,53,42,"rgb(116,217,0)",37.545019,126.969972
용산구,서울추가73,87,70,"rgb(255,189,0)",37.533286,126.96409
용산구,도로23B,231,187,"rgb(255,0,0)",37.539601,126.989386
용산구,서울명소4,57,37,"rgb(116,217,0)",37.58116944,126.9853028
용산구,kt광화문1,37,24,"rgb(116,217,0)",37.5717,126.9777
용산구,서울159,34,22,"rgb(116,217,0)",37.57131944,127.0049194
용산구,제일빌딩앞,75,40,"rgb(116,217,0)",37.54566,126.95312
용산구,서울_C2예비12,100,54,"rgb(255,189,0)",37.54815278,126.9164683
용산구,애완용품점 앞,68,36,"rgb(116,217,0)",37.547015,126.944465
용산구,서울1018_C2,51,27,"rgb(116,217,0)",37.56074722,126.9234083
용산구,기존주소 건너편 앞 ,38,20,"rgb(116,217,0)",37.551128,126.955277
용산구,서울추가230,120,87,"rgb(255,90,0)",37.49838333,126.9434833
용산구,피자 알보로 앞,65,42,"rgb(116,217,0)",37.568185,126.964686
용산구,서울288,200,144,"rgb(255,0,0)",37.517267,127.019448
용산구,마포구,55,30,"rgb(116,217,0)",37.5498,126.9456
용산구,서울307,91,66,"rgb(255,189,0)",37.5135,126.925822
용산구,한강대로,47,34,"rgb(116,217,0)",37.5491,126.9704
용산구,서울218,154,112,"rgb(255,90,0)",37.521739,126.92489
용산구,서울로7017a,40,32,"rgb(116,217,0)",37.5565,126.9738
용산구,서울1041_C2,21,17,"rgb(0,201,250)",37.54253889,127.0024944
용산구,서울추가199_,41,33,"rgb(116,217,0)",37.537214,126.960392
용산구,서울_214,53,42,"rgb(116,217,0)",37.545019,126.969972
용산구,서울추가73,87,70,"rgb(255,189,0)",37.533286,126.96409
용산구,서울_명소13,69,44,"rgb(116,217,0)",37.57624,126.955337
용산구,서울명소1,36,29,"rgb(116,217,0)",37.55094444,126.990725
용산구,서울_명소13,69,44,"rgb(116,217,0)",37.57624,126.955337
용산구,서울명소22,77,54,"rgb(116,217,0)",37.562186,126.946223
용산구,신반포6차아파트_주택재건축,35,17,"rgb(116,217,0)",37.508942,127.001657
용산구,서울1039,87,56,"rgb(255,189,0)",37.571878,126.982805
용산구,광화문사옥15층,29,18,"rgb(0,201,250)",37.571726,126.977917
용산구,서울추가155,34,27,"rgb(116,217,0)",37.55161389,127.0025583
용산구,서울346,108,55,"rgb(255,189,0)",37.487379,126.993173
용산구,서울_1072_C2,70,38,"rgb(116,217,0)",37.548281,127.016669
용산구,서울C2예비15,51,36,"rgb(116,217,0)",37.558828,126.942408
용산구,동작대로 중앙차로,47,31,"rgb(116,217,0)",37.4854,126.9803
용산구,관측망9,315,223,"rgb(255,0,0)",37.55558,126.934927
용산구,잠원동_페이토프라자_신축공37.5123,45,32,"rgb(116,217,0)",37.51218056,127.0203194
용산구,서울267,79,40,"rgb(116,217,0)",37.50742778,127.0100833
용산구,서울1041_C2,21,17,"rgb(0,201,250)",37.54253889,127.0024944
용산구,신촌로,42,30,"rgb(116,217,0)",37.5551,126.9361
용산구,서울88,108,55,"rgb(255,189,0)",37.494256,127.01391
용산구,도산대로,63,34,"rgb(116,217,0)",37.516,127.0203
용산구,서울254,91,66,"rgb(255,189,0)",37.499947,126.930479
용산구,약국앞,38,31,"rgb(116,217,0)",37.565572,127.02032
용산구,서울추가61,77,55,"rgb(116,217,0)",37.5098,127.0417
용산구,서울로7017a,40,32,"rgb(116,217,0)",37.5565,126.9738
용산구,서울추가72,41,33,"rgb(116,217,0)",37.535076,126.974006
용산구,서울186,89,72,"rgb(255,189,0)",37.563878,127.006853
용산구,kt광화문1,37,24,"rgb(116,217,0)",37.5717,126.9777
용산구,서울348,67,44,"rgb(116,217,0)",37.564783,126.978392
용산구,용산구,37,30,"rgb(116,217,0)",37.54,127.0048
용산구,서울1032_C2,93,67,"rgb(255,189,0)",37.513351,126.940626
용산구,한강대로,47,34,"rgb(116,217,0)",37.5491,126.9704
용산구,서울1073_C2,68,34,"rgb(116,217,0)",37.487012,127.026784
용산구,서원초등학교,62,31,"rgb(116,217,0)",37.5026,127.0152
용산구,도로24B,74,37,"rgb(116,217,0)",37.500026,127.029835
용산구,실외기1,29,20,"rgb(0,201,250)",37.5115,127.0432
용산구,서울1041_C2,21,17,"rgb(0,201,250)",37.54253889,127.0024944
용산구,서울추가199_,41,33,"rgb(116,217,0)",37.537214,126.960392
용산구,서울추가72,41,33,"rgb(116,217,0)",37.535076,126.974006
용산구,서울추가20,144,103,"rgb(255,90,0)",37.524372,127.050104
성동구,서울명소6,69,37,"rgb(116,217,0)",37.590826,127.034387
성동구,서울285,115,82,"rgb(255,189,0)",37.521632,127.033409
성동구,약국앞,38,31,"rgb(116,217,0)",37.565572,127.02032
성동구,서울추가54,89,48,"rgb(255,189,0)",37.55805,127.034192
성동구,두산_실외기,58,38,"rgb(116,217,0)",37.5951,126.9901
성동구,서울_C2예비36,81,66,"rgb(255,189,0)",37.58433333,127.0683611
성동구,서울추가189,68,55,"rgb(116,217,0)",37.534046,126.989198
성동구,약국앞,38,31,"rgb(116,217,0)",37.565572,127.02032
성동구,서울추가54,89,48,"rgb(255,189,0)",37.55805,127.034192
성동구,두산_실외기,58,38,"rgb(116,217,0)",37.5951,126.9901
성동구,서울_C2예비36,81,66,"rgb(255,189,0)",37.58433333,127.0683611
성동구,서울추가189,68,55,"rgb(116,217,0)",37.534046,126.989198
성동구,중랑동부시장입구,38,28,"rgb(116,217,0)",37.593613,127.075281
성동구,서울120,217,156,"rgb(255,0,0)",37.528693,127.036776
성동구,서울342,29,22,"rgb(0,201,250)",37.585329,127.079986
성동구,서울291,77,55,"rgb(116,217,0)",37.519794,127.056733
성동구,삼일빌딩5층옥탑,62,47,"rgb(116,217,0)",37.58390833,127.0881333
성동구,서울추가54,89,48,"rgb(255,189,0)",37.55805,127.034192
성동구,행당동,78,45,"rgb(116,217,0)",37.555353,127.038078
성동구,서울293,155,111,"rgb(255,90,0)",37.513712,127.03031
성동구,종로,39,26,"rgb(116,217,0)",37.5709,126.9965
성동구,서울1041_C2,21,17,"rgb(0,201,250)",37.54253889,127.0024944
성동구,서울추가42,85,46,"rgb(255,189,0)",37.583023,127.029189
성동구,서울273,190,136,"rgb(255,90,0)",37.518865,127.049744
성동구,서울추가189,68,55,"rgb(116,217,0)",37.534046,126.989198
성동구,광화문사옥6층,57,37,"rgb(116,217,0)",37.5717222,126.977746
성동구,서울348,67,44,"rgb(116,217,0)",37.564783,126.978392
성동구,청계천로,39,30,"rgb(116,217,0)",37.5686,126.9981
성동구,서울349,65,42,"rgb(116,217,0)",37.565818,126.972629
성동구,서울_1016_C2,100,55,"rgb(255,189,0)",37.566338,127.04355
성동구,광화문역6번출구앞,56,45,"rgb(116,217,0)",37.5699,126.9763
성동구,서울159,34,22,"rgb(116,217,0)",37.57131944,127.0049194
성동구,강변북로,51,34,"rgb(116,217,0)",37.5387,127.042
성동구,서울_C2예비29,227,147,"rgb(255,0,0)",37.578378,127.015204
성동구,실외기1,29,20,"rgb(0,201,250)",37.5115,127.0432
성동구,서울345,108,55,"rgb(255,189,0)",37.503954,126.997105
성동구,서울285,115,82,"rgb(255,189,0)",37.521632,127.033409
성동구,강남구,47,34,"rgb(116,217,0)",37.5176,127.0481
성동구,서울293,155,111,"rgb(255,90,0)",37.513712,127.03031
성동구,도산대로,63,34,"rgb(116,217,0)",37.516,127.0203
성동구,서울_C2예비29,227,147,"rgb(255,0,0)",37.578378,127.015204
성동구,홍릉로,52,39,"rgb(116,217,0)",37.5805,127.0444
성동구,서울99,44,31,"rgb(116,217,0)",37.512892,127.056481
성동구,홍릉로,52,39,"rgb(116,217,0)",37.5805,127.0444
성동구,서울_C2예비27,87,56,"rgb(255,189,0)",37.570192,127.015998
성동구,강남구,47,34,"rgb(116,217,0)",37.5176,127.0481
성동구,서울99,44,31,"rgb(116,217,0)",37.512892,127.056481
성동구,선일빌딩5층옥탑,33,17,"rgb(116,217,0)",37.54152667,127.0668467
성동구,서울_C2예비34,59,48,"rgb(116,217,0)",37.595541,127.059506
성동구,중랑동부시장입구,38,28,"rgb(116,217,0)",37.593613,127.075281
성동구,서울159,34,22,"rgb(116,217,0)",37.57131944,127.0049194
광진구,선일빌딩5층옥탑,33,17,"rgb(116,217,0)",37.54152667,127.0668467
광진구,서울173,79,56,"rgb(116,217,0)",37.523752,127.045063
광진구,5층옥탑,39,31,"rgb(116,217,0)",37.5746,127.0378
광진구,서울125,47,25,"rgb(116,217,0)",37.561878,127.034766
광진구,장안평역2번출구앞,87,49,"rgb(255,189,0)",37.5616,127.0650
광진구,광진구,43,23,"rgb(116,217,0)",37.5472,127.0925
광진구,서울추가121,47,35,"rgb(116,217,0)",37.58665833,127.095525
광진구,자양사거리 제일경희한의원앞,54,28,"rgb(116,217,0)",37.5360,127.0838
광진구,서울추가54,89,48,"rgb(255,189,0)",37.55805,127.034192
광진구,서울33,64,48,"rgb(116,217,0)",37.601218,127.079749
광진구,서울1006_C2,96,52,"rgb(255,189,0)",37.54713333,127.0444083
광진구,서울87,96,56,"rgb(255,189,0)",37.514044,127.100068
광진구,강변북로,51,34,"rgb(116,217,0)",37.5387,127.042
광진구,서울추가121,47,35,"rgb(116,217,0)",37.58665833,127.095525
광진구,참설농탕 앞,68,40,"rgb(116,217,0)",37.5090,127.1116
광진구,서울_명소11,100,55,"rgb(255,189,0)",37.544978,127.039458
광진구,참설농탕 앞,68,40,"rgb(116,217,0)",37.5090,127.1116
광진구,서울1006_C2,96,52,"rgb(255,189,0)",37.54713333,127.0444083
광진구,못된 강아지 앞,85,50,"rgb(255,189,0)",37.5068,127.1054
광진구,서울_명소11,100,55,"rgb(255,189,0)",37.544978,127.039458
광진구,서울1076_C2,71,58,"rgb(116,217,0)",37.57337222,127.0518194
광진구,SH공사01,37,26,"rgb(116,217,0)",37.5350,127.0468
광진구,유해68,74,53,"rgb(116,217,0)",37.49778056,127.0754806
광진구,5층옥상,30,15,"rgb(116,217,0)",37.53443056,127.0670917
광진구,서울추가147,110,90,"rgb(255,189,0)",37.578424,127.066172
광진구,KT우체국앞,66,38,"rgb(116,217,0)",37.496156,127.122124
광진구,서울추가204,51,27,"rgb(116,217,0)",37.531002,127.086763
동대문구,이천농장정육식당 앞,42,34,"rgb(116,217,0)",37.574073,127.07175
동대문구,서울추가5,107,58,"rgb(255,189,0)",37.5848,127.0184
동대문구,파리바게트앞,55,29,"rgb(116,217,0)",37.556313,127.082461
동대문구,서울164,87,56,"rgb(255,189,0)",37.576002,127.002575
동대문구,중랑동부시장입구,22,16,"rgb(0,201,250)",37.593613,127.075281
동대문구,서울추가85,83,68,"rgb(255,189,0)",37.567773,127.068658
동대문구,동대문구,47,39,"rgb(116,217,0)",37.5758,127.0289
동대문구,서울192,75,48,"rgb(116,217,0)",37.572374,127.012881
동대문구,서울C2예비28,107,69,"rgb(255,189,0)",37.573773,127.01873
동대문구,100년 설렁탕 앞,51,28,"rgb(116,217,0)",37.588061,127.009885
동대문구,서울_추가164,68,42,"rgb(116,217,0)",37.60865,127.02336
동대문구,약국앞,38,31,"rgb(116,217,0)",37.565572,127.02032
동대문구,서울220,77,42,"rgb(116,217,0)",37.564079,127.02992
동대문구,동대문 우체국 앞,56,30,"rgb(116,217,0)",37.575161,127.023902
동대문구,서울_C2예비31,51,41,"rgb(116,217,0)",37.56985278,127.0378833
동대문구,약국앞,38,31,"rgb(116,217,0)",37.565572,127.02032
동대문구,서울_1072_C2,70,38,"rgb(116,217,0)",37.548281,127.016669
동대문구,동의보감 건물 앞,57,46,"rgb(116,217,0)",37.578094,127.036627
동대문구,강변북로,51,34,"rgb(116,217,0)",37.5387,127.042
동대문구,서울192,75,48,"rgb(116,217,0)",37.572374,127.012881
동대문구,관측망7,37,20,"rgb(116,217,0)",37.60665833,127.0276278
동대문구,5층옥상,81,55,"rgb(255,189,0)",37.61971667,127.0745722
동대문구,하모니마트회기점앞,76,62,"rgb(116,217,0)",37.59125,127.051693
동대문구,KT공릉지점앞,40,27,"rgb(116,217,0)",37.626649,127.072817
동대문구,서울추가42,85,46,"rgb(255,189,0)",37.583023,127.029189
동대문구,석계역 3번 출구 옆,56,38,"rgb(116,217,0)",37.615826,127.067411
동대문구,중랑구,38,29,"rgb(116,217,0)",37.5849,127.094
동대문구,서울1045_C2,68,42,"rgb(116,217,0)",37.620436,127.028721
동대문구,kt 대리점 앞,42,23,"rgb(116,217,0)",37.602932,127.042041
동대문구,서울13,56,34,"rgb(116,217,0)",37.616754,127.02956
중랑구,삼일빌딩5층옥탑,54,41,"rgb(116,217,0)",37.58390833,127.0881333
중랑구,서울_227,70,53,"rgb(116,217,0)",37.600608,127.103632
중랑구,서울라파의원건너편,49,25,"rgb(116,217,0)",37.545041,127.089223
중랑구,kt 대리점 앞,42,23,"rgb(116,217,0)",37.602932,127.042041
중랑구,서울추가151,102,70,"rgb(255,189,0)",37.62289444,127.0610861
중랑구,서울라파의원건너편,49,25,"rgb(116,217,0)",37.545041,127.089223
중랑구,면목동,55,39,"rgb(116,217,0)",37.576200,127.089086
중랑구,서울추가94,41,21,"rgb(116,217,0)",37.553965,127.088369
중랑구,5층옥상,81,55,"rgb(255,189,0)",37.61971667,127.0745722
중랑구,2층옥탑,53,28,"rgb(116,217,0)",37.55275556,127.0794889
중랑구,동구동,50,30,"rgb(116,217,0)",37.6187,127.1382
중랑구,서울1052_C2,89,72,"rgb(255,189,0)",37.602612,127.067717
중랑구,이천농장정육식당 앞,42,34,"rgb(116,217,0)",37.574073,127.07175
중랑구,5층옥탑,37,28,"rgb(116,217,0)",37.595075,127.0815944
중랑구,서울_1016_C2,100,55,"rgb(255,189,0)",37.566338,127.04355
중랑구,서울_C2예비36,81,66,"rgb(255,189,0)",37.58433333,127.0683611
중랑구,5층옥탑,37,28,"rgb(116,217,0)",37.595075,127.0815944
중랑구,관측망7,37,20,"rgb(116,217,0)",37.60665833,127.0276278
중랑구,삼일빌딩5층옥탑,54,41,"rgb(116,217,0)",37.58390833,127.0881333
중랑구,화랑로,41,26,"rgb(116,217,0)",37.6177,127.0751
중랑구,하계1차청구아파트관리소앞,42,28,"rgb(116,217,0)",37.638616,127.072074
성북구,서울67,49,26,"rgb(116,217,0)",37.591538,127.012957
성북구,서울_C2예비29,227,147,"rgb(255,0,0)",37.578378,127.015204
성북구,종로구,47,31,"rgb(116,217,0)",37.572,127.005
성북구,서울13,56,34,"rgb(116,217,0)",37.616754,127.02956
성북구,서울C2예비22,80,65,"rgb(255,189,0)",37.561035,126.975477
성북구,다이닝 부페 앞,36,22,"rgb(116,217,0)",37.609344,127.029782
성북구,서울_1016_C2,100,55,"rgb(255,189,0)",37.566338,127.04355
성북구,광화문사옥9층,48,31,"rgb(116,217,0)",37.571722,126.977794
성북구,서울164,87,56,"rgb(255,189,0)",37.576002,127.002575
성북구,5층옥탑,39,31,"rgb(116,217,0)",37.5746,127.0378
성북구,서울84,85,55,"rgb(255,189,0)",37.577144,126.986202
성북구,동대문구,47,39,"rgb(116,217,0)",37.5758,127.0289
성북구,서울264,87,56,"rgb(255,189,0)",37.570856,126.98744
성북구,서울C2예비30,77,47,"rgb(116,217,0)",37.61125,127.0349583
성북구,수유3동 우체국 앞,70,49,"rgb(116,217,0)",37.641251,127.028856
성북구,서울164,87,56,"rgb(255,189,0)",37.576002,127.002575
성북구,광화문역6번출구앞,56,45,"rgb(116,217,0)",37.5699,126.9763
성북구,서울159,34,22,"rgb(116,217,0)",37.57131944,127.0049194
성북구,건물앞,74,40,"rgb(116,217,0)",37.60219,127.025135
성북구,서울1051_C2,87,71,"rgb(255,189,0)",37.577764,127.05843
성북구,성북1치안센터 옆,26,14,"rgb(0,201,250)",37.590161,127.004073
성북구,서울_C2예비27,87,56,"rgb(255,189,0)",37.570192,127.015998
성북구,서울로7017a,40,32,"rgb(116,217,0)",37.5565,126.9738
성북구,서울192,75,48,"rgb(116,217,0)",37.572374,127.012881
성북구,서울_1072_C2,70,38,"rgb(116,217,0)",37.548281,127.016669
성북구,kt광화문1,45,29,"rgb(116,217,0)",37.5717,126.9777
성북구,서울명소4,57,37,"rgb(116,217,0)",37.58116944,126.9853028
성북구,서울113,56,45,"rgb(116,217,0)",37.584987,127.052716
성북구,서울159,34,22,"rgb(116,217,0)",37.57131944,127.0049194
성북구,성북1치안센터 옆,26,14,"rgb(0,201,250)",37.590161,127.004073
성북구,서울_C2예비27,87,56,"rgb(255,189,0)",37.570192,127.015998
성북구,서울로7017a,40,32,"rgb(116,217,0)",37.5565,126.9738
성북구,서울192,75,48,"rgb(116,217,0)",37.572374,127.012881
성북구,서울_1072_C2,70,38,"rgb(116,217,0)",37.548281,127.016669
성북구,kt광화문1,45,29,"rgb(116,217,0)",37.5717,126.9777
성북구,서울명소4,57,37,"rgb(116,217,0)",37.58116944,126.9853028
성북구,서울113,56,45,"rgb(116,217,0)",37.584987,127.052716
성북구,서울159,34,22,"rgb(116,217,0)",37.57131944,127.0049194
성북구,성북1치안센터 옆,26,14,"rgb(0,201,250)",37.590161,127.004073
성북구,서울추가210,50,41,"rgb(116,217,0)",37.578668,127.072544
성북구,서울1103C2,75,41,"rgb(116,217,0)",37.61031944,127.0121361
성북구,다이닝 부페 앞,36,22,"rgb(116,217,0)",37.609344,127.029782
성북구,서울1039,87,56,"rgb(255,189,0)",37.571878,126.982805
성북구,왕십리역8번출구,53,29,"rgb(116,217,0)",37.5610,127.0359
성북구,도로25A,85,69,"rgb(255,189,0)",37.560882,126.982159
성북구,kt 대리점 앞,42,23,"rgb(116,217,0)",37.602932,127.042041
성북구,서울77,75,48,"rgb(116,217,0)",37.575793,126.971161
성북구,서울270,100,55,"rgb(255,189,0)",37.601101,127.033775
성북구,석계역 3번 출구 옆,56,38,"rgb(116,217,0)",37.615826,127.067411
성북구,서울125,47,25,"rgb(116,217,0)",37.561878,127.034766
성북구,광화문역6번출구앞,56,45,"rgb(116,217,0)",37.5699,126.9763
성북구,서울추가140,113,73,"rgb(255,189,0)",37.60109389,126.979185
성북구,서울67,49,26,"rgb(116,217,0)",37.591538,127.012957
성북구,서울추가117,76,49,"rgb(116,217,0)",37.574595,126.997353
성북구,관측망7,37,20,"rgb(116,217,0)",37.60665833,127.0276278
성북구,핑클맛사지앞,116,63,"rgb(255,189,0)",37.61238,127.059216
성북구,서울186,89,72,"rgb(255,189,0)",37.563878,127.006853
성북구,서울113,56,45,"rgb(116,217,0)",37.584987,127.052716
성북구,도로25A,85,69,"rgb(255,189,0)",37.560882,126.982159
성북구,종로구,47,31,"rgb(116,217,0)",37.572,127.005
성북구,서울264,87,56,"rgb(255,189,0)",37.570856,126.98744
성북구,서울_추가164,68,42,"rgb(116,217,0)",37.60865,127.02336
성북구,왕십리역8번출구,53,29,"rgb(116,217,0)",37.5610,127.0359
성북구,서울348,67,44,"rgb(116,217,0)",37.564783,126.978392
성북구,동대문구,47,39,"rgb(116,217,0)",37.5758,127.0289
성북구,서울13,56,34,"rgb(116,217,0)",37.616754,127.02956
성북구,서울_1072_C2,70,38,"rgb(116,217,0)",37.548281,127.016669
성북구,kt광화문4,46,29,"rgb(116,217,0)",37.5717,126.9777
성북구,서울217,84,46,"rgb(255,189,0)",37.586582,127.027873
성북구,성북1치안센터 옆,26,14,"rgb(0,201,250)",37.590161,127.004073
성북구,서울262,153,125,"rgb(255,90,0)",37.565709,126.987855
성북구,유해70,66,36,"rgb(116,217,0)",37.55372222,127.0647611
성북구,광화문사옥4층,29,18,"rgb(0,201,250)",37.571725,126.977862
성북구,서울164,87,56,"rgb(255,189,0)",37.576002,127.002575
성북구,서울342,29,22,"rgb(0,201,250)",37.585329,127.079986
성북구,서울추가147,110,90,"rgb(255,189,0)",37.578424,127.066172
성북구,서울_명소11,100,55,"rgb(255,189,0)",37.544978,127.039458
성북구,광화문사옥15층,43,27,"rgb(116,217,0)",37.571726,126.977917
성북구,서울220,77,42,"rgb(116,217,0)",37.564079,127.02992
성북구,중랑동부시장입구,22,16,"rgb(0,201,250)",37.593613,127.075281
성북구,서울1051_C2,87,71,"rgb(255,189,0)",37.577764,127.05843
성북구,관측망7,37,20,"rgb(116,217,0)",37.60665833,127.0276278
성북구,일반건물 앞,95,52,"rgb(255,189,0)",37.59402,127.020287
성북구,서울125,47,25,"rgb(116,217,0)",37.561878,127.034766
성북구,5층옥탑,39,31,"rgb(116,217,0)",37.5746,127.0378
성북구,서울_C2예비27,87,56,"rgb(255,189,0)",37.570192,127.015998
성북구,강북구,37,23,"rgb(116,217,0)",37.6379,127.0288
성북구,서울1037_C2,74,45,"rgb(116,217,0)",37.603389,126.961421
성북구,청계천로,39,30,"rgb(116,217,0)",37.5686,126.9981
성북구,서울192,75,48,"rgb(116,217,0)",37.572374,127.012881
성북구,동대문구,47,39,"rgb(116,217,0)",37.5758,127.0289
성북구,서울추가151,102,70,"rgb(255,189,0)",37.62289444,127.0610861
성북구,서울113,56,45,"rgb(116,217,0)",37.584987,127.052716
성북구,서울_C2예비34,59,48,"rgb(116,217,0)",37.595541,127.059506
성북구,건물앞,74,40,"rgb(116,217,0)",37.60219,127.025135
성북구,서울추가27,68,42,"rgb(116,217,0)",37.634998,127.03556
성북구,서울342,29,22,"rgb(0,201,250)",37.585329,127.079986
성북구,서울13,56,34,"rgb(116,217,0)",37.616754,127.02956
성북구,성북구,57,29,"rgb(116,217,0)",37.6067,127.0273
성북구,이천농장정육식당 앞,42,34,"rgb(116,217,0)",37.574073,127.07175
성북구,서울C2예비28,107,69,"rgb(255,189,0)",37.573773,127.01873
성북구,데시앙 상가3층옥상,43,30,"rgb(116,217,0)",37.64362528,127.0335278
성북구,서울_추가164,68,42,"rgb(116,217,0)",37.60865,127.02336
성북구,수유3동 우체국 앞,70,49,"rgb(116,217,0)",37.641251,127.028856
성북구,서울125,47,25,"rgb(116,217,0)",37.561878,127.034766
성북구,서울113,56,45,"rgb(116,217,0)",37.584987,127.052716
성북구,서울추가151,102,70,"rgb(255,189,0)",37.62289444,127.0610861
성북구,5층옥상,45,34,"rgb(116,217,0)",37.60007222,127.0908
성북구,서울13,56,34,"rgb(116,217,0)",37.616754,127.02956
성북구,상계주공1단지상가앞,65,44,"rgb(116,217,0)",37.64697,127.058389
성북구,서울추가210,50,41,"rgb(116,217,0)",37.578668,127.072544
성북구,상우 프라자 빌딩5층옥상,52,36,"rgb(116,217,0)",37.65283611,127.0448806
성북구,서울332,59,36,"rgb(116,217,0)",37.63052222,127.0232806
성북구,서울중랑경찰서 앞,58,44,"rgb(116,217,0)",37.606438,127.078251
성북구,서울추가147,110,90,"rgb(255,189,0)",37.578424,127.066172
강북구,상계6동우체국옆,59,40,"rgb(116,217,0)",37.653487,127.05791
강북구,서울270,100,55,"rgb(255,189,0)",37.601101,127.033775
강북구,5층옥탑,35,24,"rgb(116,217,0)",37.61613639,127.0749833
강북구,중랑동부시장입구,22,16,"rgb(0,201,250)",37.593613,127.075281
강북구,서울추가147,110,90,"rgb(255,189,0)",37.578424,127.066172
강북구,IBK 청량리점 앞,40,32,"rgb(116,217,0)",37.580488,127.044863
강북구,서울164,87,56,"rgb(255,189,0)",37.576002,127.002575
강북구,데시앙 상가3층옥상,43,30,"rgb(116,217,0)",37.64362528,127.0335278
강북구,홍릉로,52,39,"rgb(116,217,0)",37.5805,127.0444
강북구,서울추가15,386,239,"rgb(255,0,0)",37.654804,127.013111
강북구,공중전화,62,34,"rgb(116,217,0)",37.59461,127.035723
강북구,하모니마트회기점앞,76,62,"rgb(116,217,0)",37.59125,127.051693
강북구,5층옥탑,66,45,"rgb(116,217,0)",37.66030556,127.0667111
강북구,정릉로,59,44,"rgb(116,217,0)",37.6067,127.0049
강북구,서울1045_C2,68,42,"rgb(116,217,0)",37.620436,127.028721
강북구,5층옥탑,66,45,"rgb(116,217,0)",37.66030556,127.0667111
강북구,신동아아파트 23동 옆,87,60,"rgb(255,189,0)",37.661048,127.026718
강북구,서울270,100,55,"rgb(255,189,0)",37.601101,127.033775
강북구,유해57,87,60,"rgb(255,189,0)",37.645482,127.048519
강북구,서울1047_C2,57,39,"rgb(116,217,0)",37.640561,127.039736
강북구,서울43,90,62,"rgb(255,189,0)",37.650615,127.058095
도봉구,KT공릉지점앞,40,27,"rgb(116,217,0)",37.626649,127.072817
도봉구,kt 대리점 앞,42,23,"rgb(116,217,0)",37.602932,127.042041
도봉구,서울추가151,102,70,"rgb(255,189,0)",37.62289444,127.0610861
도봉구,KT공릉지점앞,40,27,"rgb(116,217,0)",37.626649,127.072817
도봉구,대림아파트입구,69,47,"rgb(116,217,0)",37.658259,127.059399
도봉구,서울추가27,68,42,"rgb(116,217,0)",37.634998,127.03556
도봉구,서울43,90,62,"rgb(255,189,0)",37.650615,127.058095
도봉구,데시앙 상가3층옥상,43,30,"rgb(116,217,0)",37.64362528,127.0335278
도봉구,서울142,69,47,"rgb(116,217,0)",37.653109,127.069627
도봉구,다이닝 부페 앞,36,22,"rgb(116,217,0)",37.609344,127.029782
도봉구,상계주공1단지상가앞,65,44,"rgb(116,217,0)",37.64697,127.058389
도봉구,대림아파트입구,69,47,"rgb(116,217,0)",37.658259,127.059399
도봉구,서울추가151,102,70,"rgb(255,189,0)",37.62289444,127.0610861
도봉구,서울추가15,386,239,"rgb(255,0,0)",37.654804,127.013111
도봉구,서울142,69,47,"rgb(116,217,0)",37.653109,127.069627
도봉구,수유리 푸르지오시티 앞,47,29,"rgb(116,217,0)",37.634053,127.02356
도봉구,수유리 푸르지오시티 앞,47,29,"rgb(116,217,0)",37.634053,127.02356
노원구,서울33,64,48,"rgb(116,217,0)",37.601218,127.079749
노원구,서울_C2예비34,59,48,"rgb(116,217,0)",37.595541,127.059506
노원구,대양빌딩앞 편의점앞,30,18,"rgb(116,217,0)",37.627432,127.025492
노원구,정릉로,59,44,"rgb(116,217,0)",37.6067,127.0049
노원구,핑클맛사지앞,116,63,"rgb(255,189,0)",37.61238,127.059216
노원구,상우 프라자 빌딩5층옥상,52,36,"rgb(116,217,0)",37.65283611,127.0448806
노원구,서울추가27,68,42,"rgb(116,217,0)",37.634998,127.03556
노원구,5층옥상,49,33,"rgb(116,217,0)",37.62138889,127.0863889
노원구,동아 청솔 아파트 116동 옆,62,43,"rgb(116,217,0)",37.658849,127.048608
노원구,서울C2예비30,77,47,"rgb(116,217,0)",37.61125,127.0349583
노원구,5층옥탑,35,24,"rgb(116,217,0)",37.61613639,127.0749833
노원구,미니스톱 앞,29,20,"rgb(0,201,250)",37.662345,127.030985
노원구,하계1차청구아파트관리소앞,42,28,"rgb(116,217,0)",37.638616,127.072074
노원구,도봉구,47,33,"rgb(116,217,0)",37.6542,127.029
노원구,2층사무실,64,37,"rgb(116,217,0)",37.6635990,127.1299940
노원구,서울142,69,47,"rgb(116,217,0)",37.653109,127.069627
노원구,데시앙 상가3층옥상,43,30,"rgb(116,217,0)",37.64362528,127.0335278
노원구,수유3동 우체국 앞,70,49,"rgb(116,217,0)",37.641251,127.028856
노원구,5층옥탑,35,24,"rgb(116,217,0)",37.61613639,127.0749833
노원구,수유3동 우체국 앞,70,49,"rgb(116,217,0)",37.641251,127.028856
노원구,메디빌딩앞,45,31,"rgb(116,217,0)",37.664729,127.042472
노원구,동아 청솔 아파트 116동 옆,62,43,"rgb(116,217,0)",37.658849,127.048608
노원구,상계동,61,41,"rgb(116,217,0)",37.663944,127.053667
노원구,노원구,52,36,"rgb(116,217,0)",37.6574,127.0679
노원구,도봉구,47,33,"rgb(116,217,0)",37.6542,127.029
노원구,서울332,59,36,"rgb(116,217,0)",37.63052222,127.0232806
은평구,폰마트 앞,32,23,"rgb(116,217,0)",37.589641,126.917351
은평구,태영 아파트 입구,41,25,"rgb(116,217,0)",37.594093,126.947323
은평구,태영 아파트 입구,41,25,"rgb(116,217,0)",37.594093,126.947323
은평구,폰마트 앞,32,23,"rgb(116,217,0)",37.589641,126.917351
은평구,엔젤숲유치원OAQ,55,42,"rgb(116,217,0)",37.6566410,126.9212900
은평구,은평구,33,24,"rgb(116,217,0)",37.6098,126.9348
은평구,홍제동신한은행앞,69,42,"rgb(116,217,0)",37.587612,126.945106
은평구,인왕초등학교,36,22,"rgb(116,217,0)",37.5775,126.9345
은평구,서울C2예비15,78,55,"rgb(116,217,0)",37.558828,126.942408
은평구,족발천하집 앞,77,41,"rgb(116,217,0)",37.557484,126.908684
은평구,홍제동신한은행앞,69,42,"rgb(116,217,0)",37.587612,126.945106
은평구,경희생한의원앞,88,47,"rgb(255,189,0)",37.567945,126.907974
은평구,서울_C2예비9,57,30,"rgb(116,217,0)",37.564705,126.912733
은평구,서울1065_C2,60,43,"rgb(116,217,0)",37.606096,126.918259
은평구,파크부동산옆 ,62,33,"rgb(116,217,0)",37.549222,126.938725
은평구,제주흑도니 앞,29,20,"rgb(0,201,250)",37.6011,126.9337
은평구,서울1064_C2,66,35,"rgb(116,217,0)",37.560582,126.916301
서대문구,개인주택 앞,56,30,"rgb(116,217,0)",37.5472,126.9390
서대문구,서울C2예비15,78,55,"rgb(116,217,0)",37.558828,126.942408
서대문구,한강대로,47,34,"rgb(116,217,0)",37.5491,126.9704
서대문구,도로23B,231,187,"rgb(255,0,0)",37.539601,126.989386
서대문구,서울명소21,140,99,"rgb(255,90,0)",37.564683,126.937734
서대문구,제일빌딩앞,75,40,"rgb(116,217,0)",37.54566,126.95312
서대문구,서울_추가183,74,45,"rgb(116,217,0)",37.575254,126.917842
서대문구,마포구,55,30,"rgb(116,217,0)",37.5498,126.9456
서대문구,서울_추가176,64,39,"rgb(116,217,0)",37.581192,126.950708
서대문구,서울추가189,68,55,"rgb(116,217,0)",37.534046,126.989198
서대문구,kt광화문5,20,13,"rgb(0,201,250)",37.5717,126.9777
서대문구,관측망9,315,223,"rgb(255,0,0)",37.55558,126.934927
서대문구,기존주소 건너편 앞 ,38,20,"rgb(116,217,0)",37.551128,126.955277
서대문구,서울218,154,112,"rgb(255,90,0)",37.521739,126.92489
서대문구,종로구,47,31,"rgb(116,217,0)",37.572,127.005
서대문구,서울추가72,41,33,"rgb(116,217,0)",37.535076,126.974006
서대문구,서울명소4,57,37,"rgb(116,217,0)",37.58116944,126.9853028
서대문구,광화문사옥6층,57,37,"rgb(116,217,0)",37.5717222,126.977746
서대문구,서울_C2예비9,57,30,"rgb(116,217,0)",37.564705,126.912733
서대문구,홍제동신한은행앞,69,42,"rgb(116,217,0)",37.587612,126.945106
서대문구,서울추가117,76,49,"rgb(116,217,0)",37.574595,126.997353
서대문구,인왕초등학교,36,22,"rgb(116,217,0)",37.5775,126.9345
서대문구,서울_명소13,69,44,"rgb(116,217,0)",37.57624,126.955337
서대문구,서울1010C2,84,54,"rgb(255,189,0)",37.57240278,126.9918111
서대문구,광화문사옥6층,57,37,"rgb(116,217,0)",37.5717222,126.977746
서대문구,서울314,102,55,"rgb(255,189,0)",37.55303333,126.9238611
서대문구,피자 알보로 앞,50,32,"rgb(116,217,0)",37.568185,126.964686
서대문구,서울추가25,51,36,"rgb(116,217,0)",37.593598,126.918184
서대문구,유해63,102,55,"rgb(255,189,0)",37.545871,126.909574
서대문구,다이소 앞,53,32,"rgb(116,217,0)",37.569018,126.91592
서대문구,서울추가155,34,27,"rgb(116,217,0)",37.55161389,127.0025583
서대문구,애완용품점 앞,68,36,"rgb(116,217,0)",37.547015,126.944465
서대문구,서울27,91,66,"rgb(255,189,0)",37.525841,126.904918
서대문구,마포구,55,30,"rgb(116,217,0)",37.5498,126.9456
서대문구,서울_C2예비14,76,47,"rgb(116,217,0)",37.576023,126.926095
서대문구,서울172,107,69,"rgb(255,189,0)",37.572267,126.977901
서대문구,서울1017_C2,63,45,"rgb(116,217,0)",37.526963,126.932291
서대문구,서울295,79,57,"rgb(116,217,0)",37.520131,126.937737
서대문구,kt광화문4,46,29,"rgb(116,217,0)",37.5717,126.9777
서대문구,서울314,102,55,"rgb(255,189,0)",37.55303333,126.9238611
서대문구,하이마트 앞,25,18,"rgb(0,201,250)",37.600585,126.923742
서대문구,서울262,153,125,"rgb(255,90,0)",37.565709,126.987855
서대문구,경희생한의원앞,88,47,"rgb(255,189,0)",37.567945,126.907974
서대문구,서울349,65,42,"rgb(116,217,0)",37.565818,126.972629
서대문구,두산_실외기,55,36,"rgb(116,217,0)",37.5951,126.9901
서대문구,한샘 매장 앞,73,45,"rgb(116,217,0)",37.5661,126.9302
서대문구,서울명소4,57,37,"rgb(116,217,0)",37.58116944,126.9853028
서대문구,파크부동산옆 ,62,33,"rgb(116,217,0)",37.549222,126.938725
서대문구,서울1064_C2,66,35,"rgb(116,217,0)",37.560582,126.916301
서대문구,기존주소 건너편 앞 ,38,20,"rgb(116,217,0)",37.551128,126.955277
서대문구,서울추가117,76,49,"rgb(116,217,0)",37.574595,126.997353
서대문구,피자 알보로 앞,50,32,"rgb(116,217,0)",37.568185,126.964686
서대문구,서울349,65,42,"rgb(116,217,0)",37.565818,126.972629
서대문구,옥상,47,29,"rgb(116,217,0)",37.5768,126.9390
서대문구,서울_C2예비14,76,47,"rgb(116,217,0)",37.576023,126.926095
서대문구,KT대리점 앞,55,39,"rgb(116,217,0)",37.606313,126.922506
서대문구,서울C2예비15,78,55,"rgb(116,217,0)",37.558828,126.942408
서대문구,개인주택 앞,56,30,"rgb(116,217,0)",37.5472,126.9390
서대문구,서울명소22,77,54,"rgb(116,217,0)",37.562186,126.946223
서대문구,서울1027_C2,148,91,"rgb(255,90,0)",37.581784,126.92692
마포구,광화문사옥6층,57,37,"rgb(116,217,0)",37.5717222,126.977746
마포구,서울1018_C2,100,54,"rgb(255,189,0)",37.56074722,126.9234083
마포구,피자 알보로 앞,50,32,"rgb(116,217,0)",37.568185,126.964686
마포구,서울218,154,112,"rgb(255,90,0)",37.521739,126.92489
마포구,인왕초등학교,36,22,"rgb(116,217,0)",37.5775,126.9345
마포구,서울349,65,42,"rgb(116,217,0)",37.565818,126.972629
마포구,서울명소4,57,37,"rgb(116,217,0)",37.58116944,126.9853028
마포구,kt광화문1,45,29,"rgb(116,217,0)",37.5717,126.9777
마포구,서울159,34,22,"rgb(116,217,0)",37.57131944,127.0049194
마포구,개인주택 앞,56,30,"rgb(116,217,0)",37.5472,126.9390
마포구,서울307,91,66,"rgb(255,189,0)",37.5135,126.925822
마포구,중구,39,26,"rgb(116,217,0)",37.5643,126.9747
마포구,서울1097_C2,68,55,"rgb(116,217,0)",37.5213,126.968154
마포구,서울명소1,52,42,"rgb(116,217,0)",37.55094444,126.990725
마포구,한샘 매장 앞,73,45,"rgb(116,217,0)",37.5661,126.9302
마포구,서울314,102,55,"rgb(255,189,0)",37.55303333,126.9238611
마포구,기존주소 건너편 앞 ,38,20,"rgb(116,217,0)",37.551128,126.955277
마포구,서울294,32,20,"rgb(116,217,0)",37.566987,126.982366
마포구,인왕초등학교,36,22,"rgb(116,217,0)",37.5775,126.9345
마포구,서울_214,53,42,"rgb(116,217,0)",37.545019,126.969972
마포구,서울추가73,58,46,"rgb(116,217,0)",37.533286,126.96409
마포구,도로23B,231,187,"rgb(255,0,0)",37.539601,126.989386
마포구,서울295,79,57,"rgb(116,217,0)",37.520131,126.937737
마포구,광화문사옥4층,29,18,"rgb(0,201,250)",37.571725,126.977862
마포구,서울314,102,55,"rgb(255,189,0)",37.55303333,126.9238611
마포구,기존주소 건너편 앞 ,38,20,"rgb(116,217,0)",37.551128,126.955277
마포구,서울294,32,20,"rgb(116,217,0)",37.566987,126.982366
마포구,서울로7017a,44,36,"rgb(116,217,0)",37.5565,126.9738
마포구,서울추가192,102,55,"rgb(255,189,0)",37.551756,126.963002
마포구,서울93,89,57,"rgb(255,189,0)",37.568836,126.976487
마포구,일미식당 앞,23,14,"rgb(0,201,250)",37.5820,126.9365
마포구,서울1036_C2,57,41,"rgb(116,217,0)",37.51099722,126.9433389
마포구,파크부동산옆 ,62,33,"rgb(116,217,0)",37.549222,126.938725
마포구,서울_추가183,74,45,"rgb(116,217,0)",37.575254,126.917842
마포구,서대문구,40,25,"rgb(116,217,0)",37.5767,126.9378
마포구,서울_214,53,42,"rgb(116,217,0)",37.545019,126.969972
마포구,서울명소1,52,42,"rgb(116,217,0)",37.55094444,126.990725
마포구,서울315,91,66,"rgb(255,189,0)",37.51514,126.918089
마포구,관측망9,315,223,"rgb(255,0,0)",37.55558,126.934927
마포구,개인주택 앞,56,30,"rgb(116,217,0)",37.5472,126.9390
마포구,서울307,91,66,"rgb(255,189,0)",37.5135,126.925822
마포구,서대문구,40,25,"rgb(116,217,0)",37.5767,126.9378
마포구,서울1027_C2,148,91,"rgb(255,90,0)",37.581784,126.92692
마포구,서울추가189,68,55,"rgb(116,217,0)",37.534046,126.989198
마포구,한샘 매장 앞,73,45,"rgb(116,217,0)",37.5661,126.9302
마포구,서울84,85,55,"rgb(255,189,0)",37.577144,126.986202
마포구,낙원식당 앞,28,20,"rgb(0,201,250)",37.584975,126.914682
마포구,서울314,102,55,"rgb(255,189,0)",37.55303333,126.9238611
마포구,낙원식당 앞,28,20,"rgb(0,201,250)",37.584975,126.914682
마포구,관측망10,39,31,"rgb(116,217,0)",37.553691,126.973729
마포구,피자 알보로 앞,50,32,"rgb(116,217,0)",37.568185,126.964686
마포구,서울추가192,102,55,"rgb(255,189,0)",37.551756,126.963002
마포구,서울172,107,69,"rgb(255,189,0)",37.572267,126.977901
마포구,서울1017_C2,63,45,"rgb(116,217,0)",37.526963,126.932291
마포구,서울추가102,53,38,"rgb(116,217,0)",37.5211,126.8961
마포구,kt광화문4,46,29,"rgb(116,217,0)",37.5717,126.9777
마포구,서울1018_C2,100,54,"rgb(255,189,0)",37.56074722,126.9234083
마포구,기존주소 건너편 앞 ,38,20,"rgb(116,217,0)",37.551128,126.955277
마포구,서울1062C2,76,55,"rgb(116,217,0)",37.514852,126.90745
마포구,인왕초등학교,36,22,"rgb(116,217,0)",37.5775,126.9345
마포구,서울286,100,54,"rgb(255,189,0)",37.546889,126.960973
마포구,서울추가102,53,38,"rgb(116,217,0)",37.5211,126.8961
마포구,kt광화문4,46,29,"rgb(116,217,0)",37.5717,126.9777
마포구,서울_C2예비7,53,28,"rgb(116,217,0)",37.55150833,126.9054417
마포구,기존주소 건너편 앞 ,38,20,"rgb(116,217,0)",37.551128,126.955277
마포구,서울218,154,112,"rgb(255,90,0)",37.521739,126.92489
마포구,옥상,47,29,"rgb(116,217,0)",37.5768,126.9390
마포구,도로23B,231,187,"rgb(255,0,0)",37.539601,126.989386
마포구,서울명소5,85,45,"rgb(255,189,0)",37.550068,126.942143
마포구,kt광화문5,20,13,"rgb(0,201,250)",37.5717,126.9777
마포구,서울1018_C2,100,54,"rgb(255,189,0)",37.56074722,126.9234083
마포구,새마을 현금 지급기 앞,34,24,"rgb(116,217,0)",37.581413,126.904957
마포구,서울96,92,67,"rgb(255,189,0)",37.533538,126.901387
마포구,개인주택 앞,56,30,"rgb(116,217,0)",37.5472,126.9390
마포구,유해62,102,55,"rgb(255,189,0)",37.57608333,126.8772139
마포구,서대문 보건소 옆,23,14,"rgb(0,201,250)",37.5784,126.9361
마포구,서울325,77,56,"rgb(116,217,0)",37.506661,126.89263
마포구,오목교역1번출구옆,39,23,"rgb(116,217,0)",37.524919,126.87393
마포구,서울1018_C2,100,54,"rgb(255,189,0)",37.56074722,126.9234083
마포구,제일빌딩앞,75,40,"rgb(116,217,0)",37.54566,126.95312
마포구,서울_C2예비9,57,30,"rgb(116,217,0)",37.564705,126.912733
마포구,kt광화문5,20,13,"rgb(0,201,250)",37.5717,126.9777
마포구,서울명소21,140,99,"rgb(255,90,0)",37.564683,126.937734
마포구,일미식당 앞,23,14,"rgb(0,201,250)",37.5820,126.9365
마포구,유해63,102,55,"rgb(255,189,0)",37.545871,126.909574
마포구,서울1027_C2,148,91,"rgb(255,90,0)",37.581784,126.92692
마포구,기존주소 건너편 앞 ,38,20,"rgb(116,217,0)",37.551128,126.955277
마포구,서울_C2예비7,53,28,"rgb(116,217,0)",37.55150833,126.9054417
마포구,감자탕집 앞,52,32,"rgb(116,217,0)",37.57794,126.909412
양천구,오목교역1번출구옆,39,23,"rgb(116,217,0)",37.524919,126.87393
양천구,관층망3,82,43,"rgb(255,189,0)",37.52552222,126.8584639
양천구,서울59,60,43,"rgb(116,217,0)",37.518225,126.9053528
양천구,서울명소15,97,52,"rgb(255,189,0)",37.56867222,126.8801889
양천구,서울1033_C2,93,67,"rgb(255,189,0)",37.516802,126.890067
양천구,서울158,104,66,"rgb(255,189,0)",37.563811,126.849712
양천구,서울_C2예비7,53,28,"rgb(116,217,0)",37.55150833,126.9054417
양천구,서울_C2예비8,91,66,"rgb(255,189,0)",37.5002,126.910568
양천구,서울추가195,43,31,"rgb(116,217,0)",37.514075,126.9004806
양천구,서울추가37,104,66,"rgb(255,189,0)",37.537112,126.863347
양천구,서울_C2예비1,85,49,"rgb(255,189,0)",37.48757,126.8378383
양천구,오목교역1번출구옆,39,23,"rgb(116,217,0)",37.524919,126.87393
양천구,태광약품3층옥상,65,34,"rgb(116,217,0)",37.52655556,126.8385417
양천구,서울추가232,60,34,"rgb(116,217,0)",37.49298611,126.8242639
양천구,서울추가44,104,66,"rgb(255,189,0)",37.573795,126.811398
양천구,서울248,41,23,"rgb(116,217,0)",37.494573,126.840032
양천구,철산동,63,49,"rgb(116,217,0)",37.4763,126.8698
양천구,광명사거리역인근,83,57,"rgb(255,189,0)",37.478891,126.853947
양천구,서울96,92,67,"rgb(255,189,0)",37.533538,126.901387
양천구,철산동,63,49,"rgb(116,217,0)",37.4763,126.8698
양천구,서울추가215,91,66,"rgb(255,189,0)",37.50305,126.903633
양천구,영등포구,49,36,"rgb(116,217,0)",37.525,126.8974
양천구,서울126,114,67,"rgb(255,189,0)",37.532465,126.863344
양천구,양천구,52,31,"rgb(116,217,0)",37.5234,126.8587
양천구,서울126,114,67,"rgb(255,189,0)",37.532465,126.863344
양천구,오목교역1번출구옆,39,23,"rgb(116,217,0)",37.524919,126.87393
양천구,서울1083_C2,95,55,"rgb(255,189,0)",37.49335,126.883734
양천구,오목교역1번출구옆,39,23,"rgb(116,217,0)",37.524919,126.87393
양천구,서울177,81,46,"rgb(255,189,0)",37.493946,126.895145
강서구,공중전화,58,34,"rgb(116,217,0)",37.524263,126.869248
강서구,서울추가52,74,43,"rgb(116,217,0)",37.536458,126.877597
강서구,서울1033_C2,93,67,"rgb(255,189,0)",37.516802,126.890067
강서구,서울94,112,59,"rgb(255,189,0)",37.543861,126.84372
강서구,서울1081_C2,109,69,"rgb(255,189,0)",37.549407,126.819875
강서구,서울40,104,66,"rgb(255,189,0)",37.552968,126.861225
강서구,정 공인중계사 앞,64,39,"rgb(116,217,0)",37.568998,126.912679
강서구,유해63,102,55,"rgb(255,189,0)",37.545871,126.909574
강서구,서울96,92,67,"rgb(255,189,0)",37.533538,126.901387
강서구,서울216,104,66,"rgb(255,189,0)",37.565043,126.840559
강서구,유해65,77,44,"rgb(116,217,0)",37.50124167,126.8692806
강서구,공중전화,58,34,"rgb(116,217,0)",37.524263,126.869248
강서구,서울추가21,66,38,"rgb(116,217,0)",37.488672,126.856216
강서구,서울50,104,66,"rgb(255,189,0)",37.54895,126.868219
강서구,서울94,112,59,"rgb(255,189,0)",37.543861,126.84372
강서구,유해63,102,55,"rgb(255,189,0)",37.545871,126.909574
강서구,유해62,102,55,"rgb(255,189,0)",37.57608333,126.8772139
강서구,서울추가12,91,58,"rgb(255,189,0)",37.557044,126.862354
강서구,서울336,95,55,"rgb(255,189,0)",37.506473,126.859834
강서구,양천구,52,31,"rgb(116,217,0)",37.5234,126.8587
강서구,4층_옥상,70,44,"rgb(116,217,0)",37.5613,126.8227
강서구,대아빌딩 앞,71,41,"rgb(116,217,0)",37.519252,126.843766
강서구,대아빌딩 앞,71,41,"rgb(116,217,0)",37.519252,126.843766
강서구,서울추가157,41,24,"rgb(116,217,0)",37.539237,126.827325
강서구,서울명소15,97,52,"rgb(255,189,0)",37.56867222,126.8801889
강서구,서울1030_C2,96,56,"rgb(255,189,0)",37.521021,126.852261
강서구,서울1030_C2,96,56,"rgb(255,189,0)",37.521021,126.852261
강서구,서울22,104,66,"rgb(255,189,0)",37.572704,126.806015
강서구,공항대로,56,36,"rgb(116,217,0)",37.5602,126.8247
강서구,서울추가157,41,24,"rgb(116,217,0)",37.539237,126.827325
강서구,서울1081_C2,109,69,"rgb(255,189,0)",37.549407,126.819875
강서구,태광약품3층옥상,65,34,"rgb(116,217,0)",37.52655556,126.8385417
강서구,서울추가157,41,24,"rgb(116,217,0)",37.539237,126.827325
구로구,서울20,63,45,"rgb(116,217,0)",37.498969,126.920998
구로구,광명7동주민센터,86,59,"rgb(255,189,0)",37.469327,126.853512
구로구,서울126,114,67,"rgb(255,189,0)",37.532465,126.863344
구로구,광명시청,54,37,"rgb(116,217,0)",37.478501,126.864516
구로구,서울추가50,65,38,"rgb(116,217,0)",37.516947,126.864658
구로구,해피투게더하우스,96,55,"rgb(255,189,0)",37.4627,126.9008
구로구,수목6-1A-추가,23,13,"rgb(0,201,250)",37.451651,126.919777
구로구,서울추가195,43,31,"rgb(116,217,0)",37.514075,126.9004806
구로구,관악구,58,34,"rgb(116,217,0)",37.4874,126.9271
구로구,관측망4,57,33,"rgb(116,217,0)",37.49842222,126.888375
구로구,하안4동주민센터,61,46,"rgb(116,217,0)",37.465727,126.8777
구로구,서울추가68,176,124,"rgb(255,90,0)",37.470954,126.902875
구로구,서울추가102,53,38,"rgb(116,217,0)",37.5211,126.8961
구로구,수목6-4A,64,45,"rgb(116,217,0)",37.449158,126.917543
구로구,V10O1611695,91,66,"rgb(255,189,0)",37.484899,126.900816
구로구,철산동,63,49,"rgb(116,217,0)",37.4763,126.8698
구로구,서울1030_C2,96,56,"rgb(255,189,0)",37.521021,126.852261
구로구,오준빌딩5츨옥상,57,40,"rgb(116,217,0)",37.47891944,126.8888889
구로구,서울249,108,62,"rgb(255,189,0)",37.479437,126.902765
구로구,태광약품3층옥상,65,34,"rgb(116,217,0)",37.52655556,126.8385417
구로구,광명사거리역인근,83,57,"rgb(255,189,0)",37.478891,126.853947
구로구,서울1033_C2,93,67,"rgb(255,189,0)",37.516802,126.890067
구로구,광명7동주민센터,86,59,"rgb(255,189,0)",37.469327,126.853512
구로구,서울1030_C2,96,56,"rgb(255,189,0)",37.521021,126.852261
구로구,신월동982-4번지현대빌딩 앞,66,38,"rgb(116,217,0)",37.516415,126.836769
구로구,철산4동주민센터,77,53,"rgb(116,217,0)",37.473991,126.864466
구로구,서울추가232,60,34,"rgb(116,217,0)",37.49298611,126.8242639
구로구,서울202,83,48,"rgb(255,189,0)",37.504072,126.89107
구로구,SC제일은행목동역지점앞,43,25,"rgb(116,217,0)",37.525395,126.864315
구로구,철산동,49,33,"rgb(116,217,0)",37.476273,126.869854
구로구,철산2동주민센터,76,52,"rgb(116,217,0)",37.484658,126.86662
구로구,광명6동주민센터,81,55,"rgb(255,189,0)",37.471655,126.848953
금천구,서울21,98,56,"rgb(255,189,0)",37.481923,126.930039
금천구,소하동,53,36,"rgb(116,217,0)",37.445505,126.88802
금천구,서울44,226,164,"rgb(255,0,0)",37.491234,126.926979
금천구,광명시민체육관,83,63,"rgb(255,189,0)",37.463287,126.870645
금천구,서울추가21,66,38,"rgb(116,217,0)",37.488672,126.856216
금천구,소하동,65,45,"rgb(116,217,0)",37.4522,126.8849
금천구,서울44,226,164,"rgb(255,0,0)",37.491234,126.926979
금천구,소하동,65,45,"rgb(116,217,0)",37.4522,126.8849
금천구,소하1동주민센터,54,37,"rgb(116,217,0)",37.452239,126.88489
금천구,수목6-4A,64,45,"rgb(116,217,0)",37.449158,126.917543
금천구,소하초등학교인근,85,58,"rgb(255,189,0)",37.449733,126.887345
금천구,서울302,66,46,"rgb(116,217,0)",37.4469,126.9035
금천구,소하1동주민센터,54,37,"rgb(116,217,0)",37.452239,126.88489
금천구,서울9,108,62,"rgb(255,189,0)",37.481888,126.952839
금천구,관악구,58,34,"rgb(116,217,0)",37.4874,126.9271
금천구,하안4동주민센터,61,46,"rgb(116,217,0)",37.465727,126.8777
영등포구,서울218,154,112,"rgb(255,90,0)",37.521739,126.92489
영등포구,V10O1611695,91,66,"rgb(255,189,0)",37.484899,126.900816
영등포구,서울1033_C2,93,67,"rgb(255,189,0)",37.516802,126.890067
영등포구,서울15,91,66,"rgb(255,189,0)",37.5258,126.8966
영등포구,서울추가194,91,66,"rgb(255,189,0)",37.521351,126.911935
영등포구,영등포로,45,26,"rgb(116,217,0)",37.5193,126.9046
영등포구,서울1083_C2,95,55,"rgb(255,189,0)",37.49335,126.883734
영등포구,서울_C2예비10,69,50,"rgb(116,217,0)",37.505708,126.911838
영등포구,서울5,108,62,"rgb(255,189,0)",37.482028,126.943532
영등포구,서울59,60,43,"rgb(116,217,0)",37.518225,126.9053528
영등포구,서울추가52,74,43,"rgb(116,217,0)",37.536458,126.877597
영등포구,서울1033_C2,93,67,"rgb(255,189,0)",37.516802,126.890067
영등포구,광명성애병원인근,52,35,"rgb(116,217,0)",37.474037,126.870544
영등포구,서울추가194,91,66,"rgb(255,189,0)",37.521351,126.911935
영등포구,하안사거리인근,79,60,"rgb(116,217,0)",37.462445,126.880247
영등포구,서울추가215,91,66,"rgb(255,189,0)",37.50305,126.903633
영등포구,동작구,49,36,"rgb(116,217,0)",37.4809,126.9715
영등포구,관측망4,57,33,"rgb(116,217,0)",37.49842222,126.888375
영등포구,관악구,58,34,"rgb(116,217,0)",37.4874,126.9271
영등포구,관측망4,57,33,"rgb(116,217,0)",37.49842222,126.888375
영등포구,관악구,58,34,"rgb(116,217,0)",37.4874,126.9271
영등포구,관측망4,57,33,"rgb(116,217,0)",37.49842222,126.888375
영등포구,관악구,58,34,"rgb(116,217,0)",37.4874,126.9271
영등포구,관측망4,57,33,"rgb(116,217,0)",37.49842222,126.888375
영등포구,관악구,58,34,"rgb(116,217,0)",37.4874,126.9271
영등포구,관측망4,57,33,"rgb(116,217,0)",37.49842222,126.888375
영등포구,관악구,58,34,"rgb(116,217,0)",37.4874,126.9271
영등포구,관측망4,57,33,"rgb(116,217,0)",37.49842222,126.888375
영등포구,관악구,58,34,"rgb(116,217,0)",37.4874,126.9271
영등포구,관측망4,57,33,"rgb(116,217,0)",37.49842222,126.888375
영등포구,관악구,58,34,"rgb(116,217,0)",37.4874,126.9271
영등포구,관측망4,57,33,"rgb(116,217,0)",37.49842222,126.888375
영등포구,관악구,58,34,"rgb(116,217,0)",37.4874,126.9271
영등포구,서울249,108,62,"rgb(255,189,0)",37.479437,126.902765
영등포구,애완용품점 앞,68,36,"rgb(116,217,0)",37.547015,126.944465
영등포구,서울추가230,120,87,"rgb(255,90,0)",37.49838333,126.9434833
영등포구,대아빌딩 앞,71,41,"rgb(116,217,0)",37.519252,126.843766
영등포구,서울331,104,66,"rgb(255,189,0)",37.544935,126.862451
영등포구,공중전화,58,34,"rgb(116,217,0)",37.524263,126.869248
영등포구,서울1083_C2,95,55,"rgb(255,189,0)",37.49335,126.883734
영등포구,공중전화,58,34,"rgb(116,217,0)",37.524263,126.869248
영등포구,서울202,83,48,"rgb(255,189,0)",37.504072,126.89107
영등포구,공중전화,58,34,"rgb(116,217,0)",37.524263,126.869248
영등포구,서울202,83,48,"rgb(255,189,0)",37.504072,126.89107
영등포구,공중전화,58,34,"rgb(116,217,0)",37.524263,126.869248
영등포구,서울202,83,48,"rgb(255,189,0)",37.504072,126.89107
영등포구,공중전화,58,34,"rgb(116,217,0)",37.524263,126.869248
영등포구,서울202,83,48,"rgb(255,189,0)",37.504072,126.89107
영등포구,서울_C2예비10,69,50,"rgb(116,217,0)",37.505708,126.911838
영등포구,서울25,108,62,"rgb(255,189,0)",37.48211,126.914928
영등포구,족발천하집 앞,77,41,"rgb(116,217,0)",37.557484,126.908684
영등포구,서울314,102,55,"rgb(255,189,0)",37.55303333,126.9238611
영등포구,서울316,59,43,"rgb(116,217,0)",37.49756944,126.9150139
영등포구,서울21,98,56,"rgb(255,189,0)",37.481923,126.930039
영등포구,서울1017_C2,63,45,"rgb(116,217,0)",37.526963,126.932291
영등포구,서울44,226,164,"rgb(255,0,0)",37.491234,126.926979
영등포구,서울추가201,197,143,"rgb(255,90,0)",37.510773,126.910023
영등포구,서울추가195,43,31,"rgb(116,217,0)",37.514075,126.9004806
영등포구,서울50,104,66,"rgb(255,189,0)",37.54895,126.868219
영등포구,V10O1611695,91,66,"rgb(255,189,0)",37.484899,126.900816
영등포구,서울1033_C2,93,67,"rgb(255,189,0)",37.516802,126.890067
영등포구,유해63,102,55,"rgb(255,189,0)",37.545871,126.909574
영등포구,서울추가194,91,66,"rgb(255,189,0)",37.521351,126.911935
영등포구,영등포로,45,26,"rgb(116,217,0)",37.5193,126.9046
영등포구,서울325,77,56,"rgb(116,217,0)",37.506661,126.89263
영등포구,대아빌딩 앞,71,41,"rgb(116,217,0)",37.519252,126.843766
영등포구,서울331,104,66,"rgb(255,189,0)",37.544935,126.862451
영등포구,오목교역1번출구옆,39,23,"rgb(116,217,0)",37.524919,126.87393
영등포구,서울325,77,56,"rgb(116,217,0)",37.506661,126.89263
영등포구,오목교역1번출구옆,39,23,"rgb(116,217,0)",37.524919,126.87393
영등포구,서울325,77,56,"rgb(116,217,0)",37.506661,126.89263
영등포구,오목교역1번출구옆,39,23,"rgb(116,217,0)",37.524919,126.87393
영등포구,서울325,77,56,"rgb(116,217,0)",37.506661,126.89263
영등포구,오목교역1번출구옆,39,23,"rgb(116,217,0)",37.524919,126.87393
영등포구,서울325,77,56,"rgb(116,217,0)",37.506661,126.89263
영등포구,오목교역1번출구옆,39,23,"rgb(116,217,0)",37.524919,126.87393
영등포구,서울325,77,56,"rgb(116,217,0)",37.506661,126.89263
영등포구,오목교역1번출구옆,39,23,"rgb(116,217,0)",37.524919,126.87393
영등포구,서울325,77,56,"rgb(116,217,0)",37.506661,126.89263
영등포구,서울316,59,43,"rgb(116,217,0)",37.49756944,126.9150139
영등포구,서울추가202,129,74,"rgb(255,90,0)",37.481844,126.883072
영등포구,수목6-1B,44,31,"rgb(116,217,0)",37.449429,126.911091
영등포구,서울44,226,164,"rgb(255,0,0)",37.491234,126.926979
영등포구,공중전화,40,28,"rgb(116,217,0)",37.467038,126.898034
영등포구,서울249,108,62,"rgb(255,189,0)",37.479437,126.902765
영등포구,광명6동주민센터,81,55,"rgb(255,189,0)",37.471655,126.848953
영등포구,서울1033_C2,93,67,"rgb(255,189,0)",37.516802,126.890067
영등포구,광명사거리역인근,83,57,"rgb(255,189,0)",37.478891,126.853947
동작구,서울59,60,43,"rgb(116,217,0)",37.518225,126.9053528
동작구,서울5,108,62,"rgb(255,189,0)",37.482028,126.943532
동작구,서울286,100,54,"rgb(255,189,0)",37.546889,126.960973
동작구,서울295,79,57,"rgb(116,217,0)",37.520131,126.937737
동작구,서울218,154,112,"rgb(255,90,0)",37.521739,126.92489
동작구,서울추가38,108,62,"rgb(255,189,0)",37.471267,126.934053
동작구,서울27,91,66,"rgb(255,189,0)",37.525841,126.904918
동작구,농협은행앞,90,48,"rgb(255,189,0)",37.54109,126.945371
동작구,서울1036_C2,57,41,"rgb(116,217,0)",37.51099722,126.9433389
동작구,서울_C2예비8,91,66,"rgb(255,189,0)",37.5002,126.910568
동작구,서울추가102,53,38,"rgb(116,217,0)",37.5211,126.8961
동작구,서울추가215,91,66,"rgb(255,189,0)",37.50305,126.903633
동작구,영등포구,49,36,"rgb(116,217,0)",37.525,126.8974
동작구,서울265,29,14,"rgb(0,201,250)",37.482123,127.002079
동작구,방배동_서해그랑블_신축현장,49,24,"rgb(116,217,0)",37.48595556,126.9979639
동작구,서울추가189,68,55,"rgb(116,217,0)",37.534046,126.989198
동작구,명수대현대아파트102동앞,91,66,"rgb(255,189,0)",37.507399,126.962151
동작구,서초동1601-10_오피스텔_신축공37.4859,45,22,"rgb(116,217,0)",37.48608722,127.0144728
동작구,원촌초등학교,61,31,"rgb(116,217,0)",37.4721,127.0322
동작구,서울1022_C2,40,20,"rgb(116,217,0)",37.479723,127.010758
동작구,서울345,108,55,"rgb(255,189,0)",37.503954,126.997105
동작구,서초_주상복합_증축공사_,80,40,"rgb(255,189,0)",37.48738,127.011618
동작구,서울266,41,20,"rgb(116,217,0)",37.48729167,127.0103444
동작구,서울156,119,69,"rgb(255,189,0)",37.48614,126.938917
동작구,서울_C2예비5,48,35,"rgb(116,217,0)",37.49452,126.899779
동작구,서울44,226,164,"rgb(255,0,0)",37.491234,126.926979
동작구,서울27,91,66,"rgb(255,189,0)",37.525841,126.904918
동작구,해피투게더하우스,96,55,"rgb(255,189,0)",37.4627,126.9008
동작구,서울1017_C2,63,45,"rgb(116,217,0)",37.526963,126.932291
동작구,V10O1611695,91,66,"rgb(255,189,0)",37.484899,126.900816
관악구,관측망4,57,33,"rgb(116,217,0)",37.49842222,126.888375
관악구,서초동1485-6근린생활시설신축37.4832,74,37,"rgb(116,217,0)",37.483045,127.010336
관악구,서울295,79,57,"rgb(116,217,0)",37.520131,126.937737
관악구,서울명소19,76,55,"rgb(116,217,0)",37.502471,126.974188
관악구,서초동1515-4,72,36,"rgb(116,217,0)",37.48522222,127.0056944
관악구,동작구,49,36,"rgb(116,217,0)",37.4809,126.9715
관악구,서울추가240,59,34,"rgb(116,217,0)",37.46595,126.9889639
관악구,서울1040_C2,107,54,"rgb(255,189,0)",37.50515278,126.9874611
관악구,서울346,108,55,"rgb(255,189,0)",37.487379,126.993173
관악구,서울5,108,62,"rgb(255,189,0)",37.482028,126.943532
관악구,서울254,91,66,"rgb(255,189,0)",37.499947,126.930479
관악구,서초동1656-1_복합건물,36,18,"rgb(116,217,0)",37.492076,127.014252
관악구,CJ호텔신축현장,67,34,"rgb(116,217,0)",37.485908,127.032777
관악구,원촌초등학교,61,31,"rgb(116,217,0)",37.4721,127.0322
관악구,서울254,91,66,"rgb(255,189,0)",37.499947,126.930479
관악구,공중전화,40,28,"rgb(116,217,0)",37.467038,126.898034
관악구,서울1036_C2,57,41,"rgb(116,217,0)",37.51099722,126.9433389
관악구,수목6-1A-추가,23,13,"rgb(0,201,250)",37.451651,126.919777
관악구,서울명소17,81,59,"rgb(255,189,0)",37.461336,126.950741
관악구,서울325,77,56,"rgb(116,217,0)",37.506661,126.89263
관악구,하안3동주민센터,44,33,"rgb(116,217,0)",37.45866,126.881653
관악구,서울307,91,66,"rgb(255,189,0)",37.5135,126.925822
관악구,해피투게더하우스,96,55,"rgb(255,189,0)",37.4627,126.9008
관악구,서울163,108,62,"rgb(255,189,0)",37.477135,126.961961
관악구,오준빌딩5츨옥상,57,40,"rgb(116,217,0)",37.47891944,126.8888889
관악구,서울1036_C2,57,41,"rgb(116,217,0)",37.51099722,126.9433389
관악구,소하동,53,36,"rgb(116,217,0)",37.445505,126.88802
관악구,서울246,73,51,"rgb(116,217,0)",37.454344,126.899707
관악구,서울_C2예비4,223,162,"rgb(255,0,0)",37.500537,126.898098
관악구,하안4동주민센터,61,46,"rgb(116,217,0)",37.465727,126.8777
관악구,서울추가230,120,87,"rgb(255,90,0)",37.49838333,126.9434833
관악구,철산동,49,33,"rgb(116,217,0)",37.476273,126.869854
관악구,서울9,108,62,"rgb(255,189,0)",37.481888,126.952839
관악구,철산동,63,49,"rgb(116,217,0)",37.4763,126.8698
서초구,서울288,200,144,"rgb(255,0,0)",37.517267,127.019448
서초구,도산대로,63,34,"rgb(116,217,0)",37.516,127.0203
서초구,서울추가61,77,55,"rgb(116,217,0)",37.5098,127.0417
서초구,SH공사02,39,28,"rgb(116,217,0)",37.5003,127.0264
서초구,서울210,163,117,"rgb(255,90,0)",37.501828,127.041058
서초구,서초동,40,23,"rgb(116,217,0)",37.499856,127.024222
서초구,서울287,49,35,"rgb(116,217,0)",37.519327,127.028407
서초구,강변북로,51,34,"rgb(116,217,0)",37.5387,127.042
서초구,서울6,75,38,"rgb(116,217,0)",37.485139,127.034193
서초구,서초우성1차재건축,99,50,"rgb(255,189,0)",37.48798333,127.0274611
서초구,서울179,68,49,"rgb(116,217,0)",37.503393,126.947305
서초구,서초동1515-4,72,36,"rgb(116,217,0)",37.48522222,127.0056944
서초구,매헌초등학교,60,30,"rgb(116,217,0)",37.4729,127.0301
서초구,서울추가230,120,87,"rgb(255,90,0)",37.49838333,126.9434833
서초구,도곡중학교 건물 옆,60,43,"rgb(116,217,0)",37.492282,127.044443
서초구,서울추가105,98,49,"rgb(255,189,0)",37.46940556,127.0396972
서초구,서초동1601-10_오피스텔_신축공37.4859,45,22,"rgb(116,217,0)",37.48608722,127.0144728
서초구,신동초등학교,49,24,"rgb(116,217,0)",37.4746,127.0296
서초구,도로23B,231,187,"rgb(255,0,0)",37.539601,126.989386
서초구,반포2동주민센터,61,31,"rgb(116,217,0)",37.504546,126.9945
서초구,서초동1601-10_오피스텔_신축공37.4859,45,22,"rgb(116,217,0)",37.48608722,127.0144728
서초구,서울추가79,65,46,"rgb(116,217,0)",37.51047778,127.0628444
서초구,서초동1515-4,72,36,"rgb(116,217,0)",37.48522222,127.0056944
서초구,도로24A,47,23,"rgb(116,217,0)",37.498076,127.026951
서초구,서초동1601-10_오피스텔_신축공37.4859,45,22,"rgb(116,217,0)",37.48608722,127.0144728
서초구,서울285,115,82,"rgb(255,189,0)",37.521632,127.033409
서초구,방배동_서해그랑블_신축현장,49,24,"rgb(116,217,0)",37.48595556,126.9979639
서초구,서울173,79,56,"rgb(116,217,0)",37.523752,127.045063
서초구,방배동_서해그랑블_신축현장,49,24,"rgb(116,217,0)",37.48595556,126.9979639
서초구,서울134,196,141,"rgb(255,90,0)",37.528164,127.030625
서초구,서초동1515-4,72,36,"rgb(116,217,0)",37.48522222,127.0056944
서초구,서울285,115,82,"rgb(255,189,0)",37.521632,127.033409
서초구,방배동_서해그랑블_신축현장,49,24,"rgb(116,217,0)",37.48595556,126.9979639
서초구,SH공사02,39,28,"rgb(116,217,0)",37.5003,127.0264
서초구,서울293,155,111,"rgb(255,90,0)",37.513712,127.03031
서초구,강남대로,56,38,"rgb(116,217,0)",37.4818,127.0357
서초구,과천경마장,64,37,"rgb(116,217,0)",37.446253,127.011651
서초구,서울1073_C2,68,34,"rgb(116,217,0)",37.487012,127.026784
서초구,서울107,87,62,"rgb(255,189,0)",37.492692,127.030537
서초구,서울327,168,120,"rgb(255,90,0)",37.500844,127.051416
강남구,서초_주상복합_증축공사_,80,40,"rgb(255,189,0)",37.48738,127.011618
강남구,서울120,217,156,"rgb(255,0,0)",37.528693,127.036776
강남구,도곡중학교 건물 옆,60,43,"rgb(116,217,0)",37.492282,127.044443
강남구,서울1040_C2,107,54,"rgb(255,189,0)",37.50515278,126.9874611
강남구,일반건물 서울 떡집 잎,51,36,"rgb(116,217,0)",37.487069,127.039357
강남구,서울287,49,35,"rgb(116,217,0)",37.519327,127.028407
강남구,강변북로,51,34,"rgb(116,217,0)",37.5387,127.042
강남구,서울99,44,31,"rgb(116,217,0)",37.512892,127.056481
강남구,실외기1,46,33,"rgb(116,217,0)",37.5115,127.0432
강남구,서울90,135,97,"rgb(255,90,0)",37.506621,127.054686
강남구,양재초등학교,55,28,"rgb(116,217,0)",37.5035,127.0565
강남구,서초동1656-1_복합건물,36,18,"rgb(116,217,0)",37.492076,127.014252
강남구,서울추가204,51,27,"rgb(116,217,0)",37.531002,127.086763
강남구,장안평역2번출구앞,87,49,"rgb(255,189,0)",37.5616,127.0650
강남구,서울173,79,56,"rgb(116,217,0)",37.523752,127.045063
강남구,서울수목7B,34,24,"rgb(116,217,0)",37.491375,127.079369
강남구,서울88,108,55,"rgb(255,189,0)",37.494256,127.01391
강남구,롯데월드 옆,28,16,"rgb(0,201,250)",37.511731,127.093178
강남구,서울88,108,55,"rgb(255,189,0)",37.494256,127.01391
강남구,상가 건너편 ,62,36,"rgb(116,217,0)",37.518896,127.105049
강남구,서울1046_C2,87,62,"rgb(255,189,0)",37.491259,127.037639
강남구,선일빌딩5층옥탑,33,17,"rgb(116,217,0)",37.54152667,127.0668467
강남구,서울1046_C2,87,62,"rgb(255,189,0)",37.491259,127.037639
강남구,도곡중학교 건물 옆,60,43,"rgb(116,217,0)",37.492282,127.044443
강남구,서울288,200,144,"rgb(255,0,0)",37.517267,127.019448
강남구,도곡중학교 건물 옆,60,43,"rgb(116,217,0)",37.492282,127.044443
강남구,서울추가105,98,49,"rgb(255,189,0)",37.46940556,127.0396972
강남구,서울56,98,49,"rgb(255,189,0)",37.478883,126.982028
강남구,반포2동주민센터,21,10,"rgb(0,201,250)",37.504546,126.9945
강남구,잠원동_페이토프라자_신축공37.5123,45,32,"rgb(116,217,0)",37.51218056,127.0203194
강남구,서울266,41,20,"rgb(116,217,0)",37.48729167,127.0103444
강남구,서초동1601-10_오피스텔_신축공37.4859,45,22,"rgb(116,217,0)",37.48608722,127.0144728
강남구,반포2동주민센터,21,10,"rgb(0,201,250)",37.504546,126.9945
강남구,서울326,178,128,"rgb(255,90,0)",37.498403,127.060052
강남구,방배초등학교,59,30,"rgb(116,217,0)",37.4550,127.0227
강남구,서울추가61,77,55,"rgb(116,217,0)",37.5098,127.0417
강남구,문정1동 주민센터 앞,57,33,"rgb(116,217,0)",37.490206,127.124145
강남구,신동초등학교,49,24,"rgb(116,217,0)",37.4746,127.0296
강남구,유해67,63,45,"rgb(116,217,0)",37.49415,127.0817722
강남구,도곡중학교 건물 옆,60,43,"rgb(116,217,0)",37.492282,127.044443
강남구,서울추가105,98,49,"rgb(255,189,0)",37.46940556,127.0396972
강남구,서울추가133,96,56,"rgb(255,189,0)",37.506545,127.079578
강남구,일반건물 서울 떡집 잎,51,36,"rgb(116,217,0)",37.487069,127.039357
강남구,서래초등학교,59,30,"rgb(116,217,0)",37.4701,127.0341
강남구,서울1046_C2,87,62,"rgb(255,189,0)",37.491259,127.037639
강남구,서울추가133,96,56,"rgb(255,189,0)",37.506545,127.079578
강남구,일원1동 주민센터 옆,47,33,"rgb(116,217,0)",37.491567,127.087835
강남구,모란역,59,45,"rgb(116,217,0)",37.4332,127.1291
강남구,CJ호텔신축현장,67,34,"rgb(116,217,0)",37.485908,127.032777
강남구,문정1동 주민센터 앞,57,33,"rgb(116,217,0)",37.490206,127.124145
강남구,대치 지구대  옆,97,69,"rgb(255,189,0)",37.492006,127.057114
송파구,신동아아파트내 103동옆,64,46,"rgb(116,217,0)",37.529772,127.142185
송파구,송파구,52,31,"rgb(116,217,0)",37.5218,127.1165
송파구,서울279,96,56,"rgb(255,189,0)",37.5132,127.1102
송파구,서울1007C2,78,46,"rgb(116,217,0)",37.51864444,127.1129944
송파구,못된 강아지 앞,85,50,"rgb(255,189,0)",37.5068,127.1054
송파구,성광교회 앞,63,37,"rgb(116,217,0)",37.529534,127.11885
송파구,서울추가59,85,62,"rgb(255,189,0)",37.545677,127.133708
송파구,길동자치회관앞,59,43,"rgb(116,217,0)",37.534456,127.142895
송파구,암사역사거리기업은행건너편,32,23,"rgb(116,217,0)",37.549845,127.127795
송파구,50-14번지앞,74,43,"rgb(116,217,0)",37.479821,127.126748
송파구,5층옥상,51,37,"rgb(116,217,0)",37.53396111,127.1377
송파구,고창빌딩4층옥탑,50,29,"rgb(116,217,0)",37.49998889,127.1397306
송파구,고창빌딩4층옥탑,50,29,"rgb(116,217,0)",37.49998889,127.1397306
송파구,서울1001C2,45,23,"rgb(116,217,0)",37.542946,127.10197
송파구,서울90,135,97,"rgb(255,90,0)",37.506621,127.054686
송파구,2층옥상,72,42,"rgb(116,217,0)",37.53592222,127.122055
송파구,서울326,178,128,"rgb(255,90,0)",37.498403,127.060052
송파구,서울279,96,56,"rgb(255,189,0)",37.5132,127.1102
송파구,문정동,68,40,"rgb(116,217,0)",37.487053,127.113064
송파구,서울수목7B,34,24,"rgb(116,217,0)",37.491375,127.079369
송파구,서울326,178,128,"rgb(255,90,0)",37.498403,127.060052
송파구,송파남 우리은행,85,50,"rgb(255,189,0)",37.503279,127.112921
송파구,서울326,178,128,"rgb(255,90,0)",37.498403,127.060052
송파구,KT우체국앞,66,38,"rgb(116,217,0)",37.496156,127.122124
송파구,서울1001C2,45,23,"rgb(116,217,0)",37.542946,127.10197
송파구,한촌설렁탕 앞,29,21,"rgb(0,201,250)",37.53495,127.134577
송파구,자양사거리 제일경희한의원앞,44,23,"rgb(116,217,0)",37.5360,127.0838
송파구,서울추가61,77,55,"rgb(116,217,0)",37.5098,127.0417
송파구,암사역사거리기업은행건너편,32,23,"rgb(116,217,0)",37.549845,127.127795
송파구,천호1동주민센터,36,26,"rgb(116,217,0)",37.544992,127.136785
송파구,쌍용 아파트2치 입구,60,35,"rgb(116,217,0)",37.501284,127.122483
강동구,서울추가59,85,62,"rgb(255,189,0)",37.545677,127.133708
강동구,천호1동주민센터,36,26,"rgb(116,217,0)",37.544992,127.136785
강동구,알레르망천호점 앞,51,37,"rgb(116,217,0)",37.544809,127.125419
강동구,천호1동주민센터,31,22,"rgb(116,217,0)",37.544984,127.13679
강동구,서암빌딩앞,82,59,"rgb(255,189,0)",37.53782,127.140214
강동구,알레르망천호점 앞,51,37,"rgb(116,217,0)",37.544809,127.125419
강동구,길동자치회관앞,59,43,"rgb(116,217,0)",37.534456,127.142895
강동구,한촌설렁탕 앞,29,21,"rgb(0,201,250)",37.53495,127.134577
강동구,서울85,54,39,"rgb(116,217,0)",37.542426,127.141644
강동구,5층옥상,51,37,"rgb(116,217,0)",37.53396111,127.1377
강동구,상가 건너편 ,62,36,"rgb(116,217,0)",37.518896,127.105049
강동구,서울1013C2,96,56,"rgb(255,189,0)",37.537753,127.125777
강동구,서울87,96,56,"rgb(255,189,0)",37.514044,127.100068
강동구,쌍용 아파트2치 입구,60,35,"rgb(116,217,0)",37.501284,127.122483
강동구,서울1056_C2,96,56,"rgb(255,189,0)",37.5272,127.107809
강동구,못된 강아지 앞,85,50,"rgb(255,189,0)",37.5068,127.1054
강동구,한촌설렁탕 앞,29,21,"rgb(0,201,250)",37.53495,127.134577
